-- phpMyAdmin SQL Dump
-- version 5.2.0
-- https://www.phpmyadmin.net/
--
-- Host: 127.0.0.1
-- Generation Time: Aug 02, 2024 at 10:00 AM
-- Server version: 10.4.27-MariaDB
-- PHP Version: 8.2.0

SET SQL_MODE = "NO_AUTO_VALUE_ON_ZERO";
START TRANSACTION;
SET time_zone = "+00:00";


/*!40101 SET @OLD_CHARACTER_SET_CLIENT=@@CHARACTER_SET_CLIENT */;
/*!40101 SET @OLD_CHARACTER_SET_RESULTS=@@CHARACTER_SET_RESULTS */;
/*!40101 SET @OLD_COLLATION_CONNECTION=@@COLLATION_CONNECTION */;
/*!40101 SET NAMES utf8mb4 */;

--
-- Database: `ultraschoolmanager`
--

-- --------------------------------------------------------

--
-- Table structure for table `authors`
--

CREATE TABLE `authors` (
  `id` bigint(20) UNSIGNED NOT NULL,
  `name` varchar(255) NOT NULL,
  `created_at` timestamp NULL DEFAULT NULL,
  `updated_at` timestamp NULL DEFAULT NULL
) ENGINE=InnoDB DEFAULT CHARSET=utf8mb4 COLLATE=utf8mb4_unicode_ci;

--
-- Dumping data for table `authors`
--

INSERT INTO `authors` (`id`, `name`, `created_at`, `updated_at`) VALUES
(1, 'VINCENT OWONDO', '2023-01-22 05:32:28', '2023-01-22 05:32:28'),
(2, 'KLB', '2023-01-22 05:33:26', '2023-01-22 05:33:26'),
(3, 'DR PHYLLIS MWANGI', '2023-01-22 05:34:51', '2023-01-22 05:34:51'),
(4, 'AUSTIN BUKENYA', '2023-01-22 05:35:15', '2023-01-22 05:35:15'),
(5, 'DR.AGNES GATHUMBI', '2023-01-22 05:35:36', '2023-01-22 05:35:36'),
(6, 'MBAKA NJERU', '2023-01-22 05:36:52', '2023-01-22 05:36:52'),
(7, 'DAVID GLOVER', '2023-01-22 05:37:12', '2023-01-22 05:37:12'),
(8, 'NJOROGE', '2023-01-22 05:38:49', '2023-01-22 05:38:49'),
(9, 'J.KADASIA', '2023-01-22 05:39:03', '2023-01-22 05:39:03'),
(10, 'NANCY KARANJA', '2023-01-22 05:39:32', '2023-01-22 05:39:32'),
(11, 'J. ABROSE NASIO', '2023-01-22 05:40:34', '2023-01-22 05:40:34'),
(12, 'JOSEPH INDIRE', '2023-01-22 05:41:00', '2023-01-22 05:41:00'),
(13, 'ATIENO NDEDE-AMADI', '2023-01-22 05:41:37', '2023-01-22 05:41:37'),
(14, 'KEN WALIBORA', '2023-01-22 05:42:15', '2023-01-22 05:42:15'),
(15, 'H.KIMARO', '2023-01-22 05:43:08', '2023-01-22 05:43:08'),
(16, 'SAID A.MOHAMED', '2023-01-22 05:43:24', '2023-01-22 05:43:24'),
(17, 'GICHOHI WAIHIGA', '2023-01-22 05:43:42', '2023-01-22 05:43:42'),
(19, 'ALICE GUNYALI', '2023-01-22 05:44:32', '2023-01-22 05:44:32'),
(20, 'ELIZABETH ODERO', '2023-01-22 05:44:50', '2023-01-22 05:44:50'),
(21, 'KAMAU J.NJOGU', '2023-01-22 05:45:34', '2023-01-22 05:45:34'),
(22, 'R.S.MUSANGI', '2023-01-22 05:45:42', '2023-01-22 05:45:42'),
(23, 'P.NKURUNZIZA', '2023-01-22 05:45:55', '2023-01-22 05:45:55'),
(24, 'AGGREY NYANJOM', '2023-01-22 05:46:03', '2023-01-22 05:46:03'),
(25, 'DANIEL CHERUIYOT', '2023-01-22 05:46:16', '2023-01-22 05:46:16'),
(26, 'DR.LEONARD M.KISOVI', '2023-01-22 05:46:23', '2023-01-22 05:46:23'),
(27, 'FRED OMWOYO', '2023-01-22 05:46:37', '2023-01-22 05:46:37'),
(28, 'WANJIRA KAMAU', '2023-01-22 05:46:43', '2023-01-22 05:46:43'),
(29, 'LINNET KHABONGO', '2023-01-22 05:46:58', '2023-01-22 05:46:58'),
(30, 'PAUL KIBUUKA', '2023-01-22 05:47:04', '2023-01-22 05:47:04'),
(31, 'TIMOTHY MANDILA', '2023-01-22 05:47:15', '2023-01-22 05:47:15'),
(32, 'JACINTA KAPIYO', '2023-01-22 05:47:22', '2023-01-22 05:47:22'),
(33, 'JULIUS MAKONG\'O', '2023-01-22 05:47:40', '2023-01-22 05:47:40'),
(34, 'PRISCILLA KIVUITU', '2023-01-22 05:47:45', '2023-01-22 05:47:45'),
(35, 'DR FLORENCE KISIRIKOI', '2023-01-22 05:47:59', '2023-01-22 05:47:59'),
(36, 'ANGELINA KIOKO', '2023-01-22 05:48:57', '2023-01-22 05:48:57'),
(37, 'EUNICE KIMALIRO', '2023-01-22 05:49:13', '2023-01-22 05:49:13'),
(38, 'SIMON KANG\'ETHE', '2023-01-22 05:49:46', '2023-01-22 05:49:46'),
(39, 'A MCLeish Smith', '2023-01-22 05:50:50', '2023-01-22 05:50:50'),
(40, 'MALKIAT SINGH', '2023-01-22 05:51:00', '2023-01-22 05:51:00'),
(41, 'J K MUSINGI', '2023-01-22 05:51:20', '2023-01-22 05:51:20'),
(42, 'FERDINANDA GACHANG\'I', '2023-01-22 05:51:42', '2023-01-22 05:51:42'),
(43, 'GEORGE NGARUIYA', '2023-01-22 05:53:26', '2023-01-22 05:53:26'),
(44, 'C.KARIUKI', '2023-01-22 05:54:13', '2023-01-22 05:54:13'),
(45, 'G. WAIHIGA', '2023-01-22 05:55:09', '2023-01-22 05:55:09'),
(46, 'SHIPHRAH N. GICHAGA', '2023-01-22 05:55:34', '2023-01-22 05:55:34'),
(47, 'RUTH M.KERRE', '2023-01-22 05:55:35', '2023-01-22 05:55:35'),
(48, 'RICHARD WAKOLI', '2023-01-22 05:56:03', '2023-01-22 05:56:03'),
(49, 'FRANCIS WAITITU', '2023-01-22 05:56:23', '2023-01-22 05:56:23'),
(50, 'RUTH A OYOKO', '2023-01-22 05:56:45', '2023-01-22 05:56:45'),
(51, 'LINA SEQUEIRA', '2023-01-22 05:57:07', '2023-01-22 05:57:07'),
(52, 'JACINTA AKATSA', '2023-01-22 05:57:18', '2023-01-22 05:57:18'),
(53, 'FELIX KIRUTHU', '2023-01-22 05:57:38', '2023-01-22 05:57:38'),
(54, 'JACINTA ANYANGO KAPIYO', '2023-01-22 05:58:18', '2023-01-22 05:58:18'),
(55, 'DR MUENI KIIO', '2023-01-22 05:58:21', '2023-01-22 05:58:21'),
(56, 'ALKIAT SINOH', '2023-01-22 05:58:44', '2023-01-22 05:58:44'),
(57, 'PETER WANYANDE', '2023-01-22 05:58:50', '2023-01-22 05:58:50'),
(58, 'N.M.PATEL', '2023-01-22 05:59:24', '2023-01-22 05:59:24'),
(59, 'PROF HENRY INDANGASI', '2023-01-22 06:00:03', '2023-01-22 06:00:03'),
(60, 'MR.CHARLES GECAGA', '2023-01-22 06:00:12', '2023-01-22 06:00:12'),
(61, 'LILIAN VIKIRU', '2023-01-22 06:00:29', '2023-01-22 06:00:29'),
(62, 'AGNES GATHUMBI', '2023-01-22 06:00:40', '2023-01-22 06:00:40'),
(63, 'BENSON ODUOR', '2023-01-22 06:00:51', '2023-01-22 06:00:51'),
(64, 'GEORGE OWICH', '2023-01-22 06:01:07', '2023-01-22 06:01:07'),
(66, 'K.W. WAMITILA', '2023-01-22 06:01:40', '2023-01-22 06:01:40'),
(67, 'ASWANI BULIBA', '2023-01-22 06:01:56', '2023-01-22 06:01:56'),
(68, 'MAINA GEOFFREY', '2023-01-22 06:02:05', '2023-01-22 06:02:05'),
(69, 'JOSEPH O.INDIRE', '2023-01-22 06:02:38', '2023-01-22 06:02:38'),
(70, 'MICHAEL K. NYAGA', '2023-01-22 06:02:56', '2023-01-22 06:02:56'),
(71, 'JAMES NYAN', '2023-01-22 06:03:04', '2023-01-22 06:03:04'),
(72, 'RUBAREMA RWABUTOGA', '2023-01-22 06:03:19', '2023-01-22 06:03:19'),
(73, 'ROBERT KARUGGAH', '2023-01-22 06:03:35', '2023-01-22 06:03:35'),
(74, 'JULIE G MANJI', '2023-01-22 06:04:51', '2023-01-22 06:04:51'),
(75, 'HENRY INDANGASI', '2023-01-22 06:05:10', '2023-01-22 06:05:10'),
(76, 'ALICE KIAI', '2023-01-22 06:05:27', '2023-01-22 06:05:27'),
(77, 'GLADYS B. OKUMU', '2023-01-22 06:05:48', '2023-01-22 06:05:48'),
(78, 'BONIFACE MUSYOKA MUITHI', '2023-01-22 06:06:15', '2023-01-22 06:06:15'),
(79, 'WINFRED WILLIAMS', '2023-01-22 06:06:26', '2023-01-22 06:06:26'),
(80, 'CYPRIAN NKONDI', '2023-01-22 06:06:39', '2023-01-22 06:06:39'),
(81, 'JAMES NYAM', '2023-01-22 06:07:12', '2023-01-22 06:07:12'),
(82, 'KINYUA MUGO', '2023-01-22 10:14:03', '2023-01-22 10:14:03'),
(83, 'EPHALINA MAINA', '2023-01-22 10:36:45', '2023-01-22 10:36:45'),
(84, 'JULIAN WILD', '2023-01-22 10:45:15', '2023-01-22 10:45:15'),
(85, 'AMOS OBONYO', '2023-01-22 11:09:30', '2023-01-22 11:09:30'),
(86, 'DR RUTH NDUNG\'U', '2023-01-22 11:13:53', '2023-01-22 11:13:53'),
(87, 'LILLIAN VIKURU', '2023-01-22 11:14:14', '2023-01-22 11:14:14'),
(88, 'STEPHEN WAMBUGU', '2023-01-22 11:23:09', '2023-01-22 11:23:09'),
(89, 'STELLA MUGURE RIMBERIA', '2023-01-23 09:04:38', '2023-01-23 09:04:38'),
(90, 'TIMOTHY M. AREGE', '2023-01-25 09:53:23', '2023-01-25 09:53:23'),
(91, 'STEPHEN MBURU AND GEOFFREY CHEMWA', '2023-01-27 08:22:40', '2023-01-27 08:22:40'),
(92, 'ELIZABETH ONDERO,AMOS OBONYO $ RICAHRD WAKOLI', '2023-01-31 03:41:54', '2023-01-31 03:41:54'),
(93, 'ALICE KIAI,BENSON ODUOR & EMILLY OWUOR', '2023-01-31 03:51:43', '2023-01-31 03:51:43'),
(94, 'CYPRIAN OWITI, AGGREY ODUOR &JENNIFER OWANDE', '2023-01-31 03:54:45', '2023-01-31 03:54:45'),
(95, 'FRED OMWOYO & PHYLLIS AKIVANGA', '2023-01-31 03:57:47', '2023-01-31 03:57:47'),
(96, 'ASSUMPTA K. MATEI', '2023-01-31 04:00:29', '2023-01-31 04:00:29'),
(97, 'CHRIS WANJALA', '2023-01-31 04:01:35', '2023-01-31 04:01:35'),
(98, 'VER0NICA N. MUTISO', '2023-01-31 04:04:37', '2023-01-31 04:04:37'),
(99, 'KAZUO ISHIGURO', '2023-01-31 04:05:58', '2023-01-31 04:05:58'),
(100, 'GODWIN SIUNDU', '2023-01-31 04:07:51', '2023-01-31 04:07:51'),
(102, 'EMILIA LIEVA & WAVENEY OLEMBO', '2023-01-31 04:13:09', '2023-01-31 04:13:09'),
(103, 'P.M MUCHIRI', '2023-01-31 04:15:52', '2023-01-31 04:15:52'),
(104, 'JACINTA AKATSA & NORMAN NJOROGE', '2023-01-31 04:18:07', '2023-01-31 04:18:07'),
(105, 'C. KARIUKI & K. BALARAMAN', '2023-01-31 04:19:31', '2023-01-31 04:19:31'),
(106, 'GEORGE OWICH, JOYCE KIMAITA & KATHLEEN WARAMBO', '2023-01-31 04:26:34', '2023-01-31 04:26:34'),
(107, 'FERDINANDA GACHAG\'I', '2023-01-31 04:31:38', '2023-01-31 04:31:38'),
(108, 'TIMOTHY MANDILA & JAKANYAKWAKA DINDA', '2023-01-31 04:32:56', '2023-01-31 04:32:56'),
(109, 'JAMES NYAN & K.M MUGIRIA', '2023-01-31 04:41:19', '2023-01-31 04:41:19'),
(110, 'JAMES NYAM, DORIS NGUGU & OTHERS', '2023-01-31 04:50:05', '2023-01-31 04:50:05'),
(111, 'CYPRIAN OWITI,AGGREY ODUOR & JENNIFER OWANDE', '2023-01-31 05:02:41', '2023-01-31 05:02:41'),
(112, 'RABECCA OLADIPO', '2023-01-31 05:05:01', '2023-01-31 05:05:01'),
(113, 'R.B BUNNETT', '2023-01-31 05:06:37', '2023-01-31 05:06:37'),
(114, 'OKOT', '2023-01-31 05:07:19', '2023-01-31 05:07:19'),
(115, 'JEFF MANDILA', '2023-01-31 05:08:07', '2023-01-31 05:08:07'),
(116, 'AYEBIA CLARKE', '2023-01-31 05:09:20', '2023-01-31 05:09:20'),
(117, 'ROBERT LOUIS STEVENSON', '2023-01-31 05:10:34', '2023-01-31 05:10:34'),
(118, 'PASOMI MUCHA', '2023-01-31 05:22:22', '2023-01-31 05:22:22'),
(119, 'JOHN KIRIAMITI', '2023-01-31 05:22:42', '2023-01-31 05:22:42'),
(120, 'CHINUA ACHEBE', '2023-01-31 05:23:01', '2023-01-31 05:23:01'),
(121, 'HENRIK IBSEN', '2023-01-31 05:23:25', '2023-01-31 05:23:25'),
(122, 'MARJORIE OLUDHE MACGOYE', '2023-01-31 05:23:52', '2023-01-31 05:23:52'),
(123, 'DAVID MULWA', '2023-01-31 05:29:16', '2023-01-31 05:29:16'),
(124, 'THADDEUS M. MBALUKA', '2023-01-31 05:30:39', '2023-01-31 05:30:39'),
(125, 'RL STEVENSON', '2023-01-31 05:31:58', '2023-01-31 05:31:58'),
(126, 'J.L MUSINGI & DR. LEONARD KISOVI', '2023-01-31 06:48:58', '2023-01-31 06:48:58'),
(127, 'GLOBAL LINK', '2023-01-31 06:51:53', '2023-01-31 06:54:58'),
(128, 'NJOKI GITUMBI AND NYAMBURA NJUGUNA', '2023-01-31 06:53:33', '2023-01-31 06:55:09'),
(129, 'PYRAMID', '2023-01-31 06:56:29', '2023-01-31 06:56:29'),
(130, 'ANGELINA KIOKO AND MAGARET JEPKIRUI', '2023-01-31 06:58:13', '2023-01-31 06:58:13'),
(131, 'ANDREW SCOTLAND', '2023-01-31 06:59:22', '2023-01-31 06:59:22'),
(132, 'KATAMA MKANGI', '2023-01-31 07:00:48', '2023-01-31 07:00:48'),
(133, 'PETER WAWERU', '2023-01-31 07:02:49', '2023-01-31 07:02:49'),
(134, 'HOLT, RINEHART AND WINSTON', '2023-01-31 07:04:02', '2023-01-31 07:04:02'),
(135, 'COLLINS SWATRIDGE', '2023-01-31 07:04:40', '2023-01-31 07:04:40'),
(136, 'H.R OLE KULET', '2023-01-31 07:05:14', '2023-01-31 07:05:14'),
(137, 'ROBERT GICHIRA', '2023-01-31 07:05:59', '2023-01-31 07:05:59'),
(138, 'KNEC', '2023-01-31 07:07:25', '2023-01-31 07:07:25'),
(139, 'TOP GRADE PUBLISHERS LTD', '2023-01-31 07:08:25', '2023-01-31 07:08:25'),
(140, 'BETH M KERUBO', '2023-01-31 07:09:10', '2023-01-31 07:09:10'),
(141, 'DR RUTH NDUNGU, LAWRENCE NJOROGE & PURITY KIAMBI', '2023-01-31 07:11:26', '2023-01-31 07:11:26'),
(142, 'MARIAMA', '2023-01-31 07:13:32', '2023-01-31 07:13:32'),
(143, 'RHODIAN MANN', '2023-01-31 07:15:15', '2023-01-31 07:15:15'),
(144, 'BEN MKOTA', '2023-01-31 07:17:46', '2023-01-31 07:17:46'),
(145, 'ATIENO NDEDE', '2023-01-31 07:19:30', '2023-01-31 07:19:30'),
(146, 'KUCCPS', '2023-01-31 07:20:50', '2023-01-31 07:20:50'),
(147, 'AIC KENYA', '2023-01-31 07:21:02', '2023-01-31 07:21:02'),
(148, 'MALATA O.J BENSON(MALIMU)', '2023-01-31 07:28:59', '2023-01-31 07:28:59'),
(149, 'ALKIAT SINO', '2023-01-31 07:50:12', '2023-01-31 07:50:12'),
(150, 'ALAMIN MAZRUI', '2023-01-31 07:54:33', '2023-01-31 07:54:33'),
(151, 'JOHN RUGANDA', '2023-01-31 07:54:51', '2023-01-31 07:54:51'),
(152, 'EDWIN NYUTHO', '2023-01-31 07:55:06', '2023-01-31 07:55:06'),
(153, 'GEORGE NGABUIYA, JOAN KIMARU,PAUL MBURU', '2023-01-31 09:35:08', '2023-01-31 09:35:08'),
(154, 'SK. VASHISTA', '2023-01-31 09:37:45', '2023-01-31 09:37:45'),
(155, 'ALAN FRASER', '2023-01-31 09:43:05', '2023-01-31 09:43:05'),
(156, 'FESTUS BERU', '2023-01-31 09:45:54', '2023-01-31 09:45:54'),
(157, 'WEBSTAR', '2023-01-31 09:48:17', '2023-01-31 09:48:54'),
(158, 'BW .MADDO', '2023-01-31 09:50:40', '2023-01-31 09:50:40'),
(159, 'HELLEN MWOLOLO AND OTHERS', '2023-01-31 09:52:12', '2023-01-31 09:52:12'),
(160, 'WINFRED KASYOKA ,RUGURI KIHARIE AND OTHERS', '2023-01-31 09:52:48', '2023-01-31 09:52:48'),
(161, 'MALOWAMALOWA ,HELLEN MWOLOLO AND OTHERS', '2023-01-31 09:53:20', '2023-01-31 09:53:20'),
(162, 'BONIFCE KASYOKA MUITHI', '2023-01-31 09:55:51', '2023-01-31 09:55:51'),
(163, 'OBARA CLEMENT AND KAGENYI DANIEL', '2023-01-31 10:10:01', '2023-01-31 10:10:01'),
(164, 'OBARA CLEMENT AND KAGENYI DANIEL', '2023-01-31 10:10:01', '2023-01-31 10:10:01'),
(165, 'STEPHEN MBURU', '2023-01-31 10:12:07', '2023-01-31 10:12:07'),
(166, 'RIYAZ BACHANI', '2023-01-31 10:12:54', '2023-01-31 10:12:54'),
(167, 'W.L. RADFORD', '2023-01-31 10:15:14', '2023-01-31 10:15:14'),
(168, 'FRANCIS IMBUGA', '2023-01-31 10:18:30', '2023-01-31 10:18:30'),
(169, 'J.M.WAITHAKA', '2023-02-03 07:53:18', '2023-02-03 07:53:18'),
(170, 'RHODIA MANN', '2023-02-06 04:58:58', '2023-02-06 04:58:58'),
(171, 'IAN MACKENZIE-VINCENT', '2023-02-16 01:29:12', '2023-02-16 01:29:12'),
(172, 'JUDIE ORON', '2023-02-16 03:14:03', '2023-02-16 03:14:03'),
(173, 'MASINDE KUSIMBA', '2023-02-16 03:15:31', '2023-02-16 03:15:31'),
(174, 'KITHAKA WA MBERIA', '2023-02-16 03:18:22', '2023-02-16 03:18:22'),
(175, 'PATRICK MWANIA', '2023-02-17 03:07:31', '2023-02-17 03:07:31'),
(176, 'PAUL B. VITTA', '2023-02-27 03:46:18', '2023-02-27 03:46:18'),
(177, 'PYRAMID CONSULTANTS', '2023-02-28 03:26:41', '2023-02-28 03:26:41'),
(178, 'R L STEVENSON', '2023-03-13 02:59:21', '2023-03-13 02:59:21'),
(179, 'JUSTUS ABUKA AND OTHERS', '2023-03-13 05:24:57', '2023-03-13 05:24:57'),
(180, 'OLIVER MINISHI AND OTHERS', '2023-03-13 05:25:31', '2023-03-13 05:25:31'),
(181, 'HANNAH MUNYAGA & DANIEL NJOROGE', '2023-03-13 05:35:52', '2023-03-13 05:35:52'),
(183, 'NJOKI GATHUMBI & NYAMBURA NJUGUNA', '2023-03-15 03:16:15', '2023-03-15 03:16:15'),
(184, 'NJOKI GATHUMBI & MARK M. CHETAMBE', '2023-03-15 03:20:31', '2023-03-15 03:20:31'),
(185, 'JOSEPH NDIRANGU', '2023-03-15 03:29:46', '2023-03-15 03:29:46'),
(186, 'SIMON MUTALI CHESEBE NA DAVID MBUGUA', '2023-03-15 03:36:12', '2023-03-15 03:36:12'),
(187, 'MOSES OTIENO,JOYCE N. NANDI NA GRACE OGOYE', '2023-03-15 03:39:57', '2023-03-15 03:39:57'),
(188, 'SIMON MUTALI CHESEBE', '2023-03-15 03:43:18', '2023-03-15 03:43:18'),
(189, 'SIMON MUTALI CHESEBE,PROF. EVANS MBUTHIA NA TOMKINS BARASA', '2023-03-15 03:47:14', '2023-03-15 03:47:14'),
(190, 'EDWIN A. OMBASA NA GEORGE N. KARIUKI', '2023-03-15 04:19:29', '2023-03-15 04:19:29'),
(191, 'SIMON NGIGE', '2023-03-15 04:27:27', '2023-03-15 04:27:27'),
(192, 'SHEHE MUTWIRI', '2023-03-16 05:10:28', '2023-03-16 05:10:28'),
(193, 'DAVID COBB', '2023-03-24 06:53:10', '2023-03-24 06:53:10'),
(194, 'JOHN STEINBECK', '2023-03-24 07:14:22', '2023-03-24 07:14:22'),
(195, 'KENYAN SCHOOLS', '2023-03-29 00:40:16', '2023-03-29 00:40:16'),
(196, 'D.W. LUTOMIA NA PHIBBIAN MUTHAMA', '2023-03-29 06:49:05', '2023-03-29 06:49:05'),
(197, 'D.N.McMaster', '2023-04-03 06:46:45', '2023-04-03 06:46:45'),
(198, 'KEN WALIBORA NA SAID A. MOHAMED', '2023-05-23 05:11:38', '2023-05-23 05:11:38'),
(199, 'JOHN LARA', '2023-05-29 07:54:22', '2023-05-29 07:54:22'),
(200, 'ABEL H. ARAMA', '2023-06-05 04:51:42', '2023-06-05 04:51:42'),
(201, 'ALIFA CHOKOCHO NA DUMU KAYANDA', '2023-06-06 07:16:06', '2023-06-06 07:16:06'),
(202, 'ZACHARIAH M. ZANI', '2023-06-09 01:09:15', '2023-06-09 01:09:15'),
(203, 'PAULINE KEA', '2023-06-12 04:17:20', '2023-06-12 04:17:20'),
(204, 'PROF.GEORGE ESHIWANI', '2023-06-13 01:45:05', '2023-06-13 01:45:05'),
(205, 'M.YIGA-MATOVU', '2023-06-13 02:54:00', '2023-06-13 02:54:00'),
(206, 'PAT WAMBUI NGURUKIE', '2023-06-16 05:26:54', '2023-06-16 05:26:54'),
(207, 'J.W.HILL', '2023-07-10 03:00:46', '2023-07-10 03:00:46'),
(208, 'A.ATKINSON', '2023-07-10 03:07:49', '2023-07-10 03:07:49'),
(209, 'GICHUKI W. GEOFFREY', '2023-08-04 01:50:37', '2023-08-04 01:50:37'),
(210, 'MEJA MWANGI', '2023-09-06 23:43:03', '2023-09-06 23:43:03'),
(211, 'ADIPO SIDANG\'', '2023-09-08 01:44:50', '2023-09-08 01:44:50'),
(212, 'CLUSTER EXAMS DPT', '2023-09-18 02:56:54', '2023-09-18 02:56:54'),
(213, 'CLARA MOMANYI', '2023-09-20 07:25:44', '2023-09-20 07:25:44'),
(214, 'JONATHAN KARIARA', '2023-10-02 06:28:48', '2023-10-02 06:28:48'),
(215, 'ABUKA JUSTUS', '2023-10-09 01:40:35', '2023-10-09 01:40:35'),
(216, 'WAMBUA WA KAWIVE', '2023-10-09 06:35:11', '2023-10-09 06:35:11'),
(217, 'GRACE AKINYI', '2024-01-15 00:03:00', '2024-01-15 00:03:00'),
(218, 'LYDIAH MIRIE', '2024-01-15 00:06:10', '2024-01-15 00:06:10'),
(219, 'ROSALIND W. KARIUKI', '2024-01-15 00:07:59', '2024-01-15 00:07:59'),
(220, 'EDWIN OKOTH OGADA', '2024-01-15 00:08:19', '2024-01-15 00:08:19'),
(221, 'SAMMY KIHARA & BETH MBITHI', '2024-01-15 05:05:37', '2024-01-15 05:05:37'),
(222, 'JOSEPHINE N. M. WANGILA', '2024-01-15 05:17:39', '2024-01-15 05:17:39'),
(223, 'ELIJAH M. MULI', '2024-01-16 06:21:53', '2024-01-16 06:21:53'),
(224, 'MUTALI CHESEBE', '2024-02-19 23:57:55', '2024-02-19 23:57:55'),
(225, 'GEORGE ORWELL', '2024-03-15 07:00:25', '2024-03-15 07:00:25');

-- --------------------------------------------------------

--
-- Table structure for table `books`
--

CREATE TABLE `books` (
  `id` bigint(20) UNSIGNED NOT NULL,
  `title` varchar(255) DEFAULT NULL,
  `isbn` varchar(255) DEFAULT NULL,
  `number` varchar(255) DEFAULT NULL,
  `rack_no` int(11) DEFAULT NULL,
  `pages` int(11) DEFAULT NULL,
  `cost` varchar(255) DEFAULT NULL,
  `category_id` bigint(20) UNSIGNED DEFAULT NULL,
  `author_id` bigint(20) UNSIGNED DEFAULT NULL,
  `publisher_id` bigint(20) UNSIGNED DEFAULT NULL,
  `status` varchar(255) NOT NULL DEFAULT 'Y',
  `created_at` timestamp NULL DEFAULT NULL,
  `updated_at` timestamp NULL DEFAULT NULL
) ENGINE=InnoDB DEFAULT CHARSET=utf8mb4 COLLATE=utf8mb4_unicode_ci;

--
-- Dumping data for table `books`
--

INSERT INTO `books` (`id`, `title`, `isbn`, `number`, `rack_no`, `pages`, `cost`, `category_id`, `author_id`, `publisher_id`, `status`, `created_at`, `updated_at`) VALUES
(68393, 'SECONDARY ENGLISH BK1', '9789966651464', '1ENG244/2019', NULL, NULL, '0', 3, 3, 1, 'Y', NULL, '2023-06-13 00:28:33'),
(68394, 'EXCELLING IN ENGLISH BK1', '9789966446541', '1ENG12/09', NULL, NULL, NULL, 3, 3, NULL, 'Y', NULL, '2023-02-06 02:14:09'),
(68395, 'EXCELLING IN ENGLISH BK1', '9789966446541', '1ENG29/16', NULL, NULL, NULL, 3, 3, NULL, 'Y', NULL, NULL),
(68396, 'EXCELLING IN ENGLISH BK1', '9789966446541', '1ENG37/16', NULL, NULL, NULL, 3, 3, NULL, 'Y', NULL, NULL),
(68397, 'EXCELLING IN ENGLISH BK1', '9789966446541', '1ENG41/16', NULL, NULL, NULL, 3, 3, NULL, 'Y', NULL, NULL),
(68398, 'EXCELLING IN ENGLISH BK1', '9789966446541', '1ENG25/16', NULL, NULL, NULL, 3, 3, NULL, 'Y', NULL, NULL),
(68399, 'EXCELLING IN ENGLISH BK1', '9789966446541', '1ENG12/16', NULL, NULL, NULL, 3, 3, NULL, 'Y', NULL, NULL),
(68400, 'EXCELLING IN ENGLISH BK1', '9789966446541', '1ENG32/16', NULL, NULL, NULL, 3, 3, NULL, 'Y', NULL, NULL),
(68401, 'EXCELLING IN ENGLISH BK1', '9789966446541', '1ENG19/16', NULL, NULL, NULL, 3, 3, NULL, 'Y', NULL, NULL),
(68402, 'EXCELLING IN ENGLISH BK1', '9789966446541', '1ENG357/18', NULL, NULL, NULL, 3, 3, NULL, 'Y', NULL, NULL),
(68403, 'EXCELLING IN ENGLISH BK1', '9789966446541', '1ENG20/016', NULL, NULL, NULL, 3, 3, NULL, 'Y', NULL, NULL),
(68404, 'HEAD START SECONDARY ENGLISH BK1', '9780195742343', '1ENG13/16', NULL, NULL, NULL, 3, 4, NULL, 'Y', NULL, NULL),
(68405, 'HEAD START SECONDARY ENGLISH BK1', '9780195742343', '1ENG29/016', NULL, NULL, NULL, 3, 4, NULL, 'Y', NULL, '2023-10-23 06:30:24'),
(68406, 'HEAD START SECONDARY ENGLISH BK1', '9780195742343', '1ENG15/016', NULL, NULL, NULL, 3, 4, NULL, 'Y', NULL, '2023-06-14 06:51:03'),
(68407, 'HEAD START SECONDARY ENGLISH BK1', '9780195742343', '1ENG08/16', NULL, NULL, NULL, 3, 4, NULL, 'Y', NULL, '2023-07-26 07:00:19'),
(68408, 'HEAD START SECONDARY ENGLISH BK1', '9780195742343', '1ENG21/16', NULL, NULL, NULL, 3, 4, NULL, 'Y', NULL, '2023-09-07 07:49:49'),
(68409, 'HEAD START SECONDARY ENGLISH BK1', '9780195742343', '1ENG06/16', NULL, NULL, NULL, 3, 4, NULL, 'Y', NULL, NULL),
(68410, 'HEAD START SECONDARY ENGLISH BK1', '9780195742343', '1ENG14/18', NULL, NULL, NULL, 3, 4, NULL, 'N', NULL, '2023-06-08 23:31:42'),
(68411, 'HEAD START SECONDARY ENGLISH BK1', '9780195742343', '1ENG19/016', NULL, NULL, NULL, 3, 4, NULL, 'Y', NULL, NULL),
(68412, 'HEAD START SECONDARY ENGLISH BK1', '9780195742343', '1ENG03/16', NULL, NULL, NULL, 3, 4, NULL, 'Y', NULL, NULL),
(68413, 'HEAD START SECONDARY ENGLISH BK1', '9780195742343', '1ENG22/016', NULL, NULL, NULL, 3, 4, NULL, 'Y', NULL, NULL),
(68414, 'HEAD START SECONDARY ENGLISH BK1', '9780195742343', '1ENG26/16', NULL, NULL, NULL, 3, 4, NULL, 'N', NULL, '2023-06-08 23:24:10'),
(68415, 'HEAD START SECONDARY ENGLISH BK1', '9780195742343', '1ENG31/16', NULL, NULL, NULL, 3, 4, NULL, 'N', NULL, '2023-06-07 07:14:12'),
(68416, 'HEAD START SECONDARY ENGLISH BK1', '9780195742343', '1ENG12/016', NULL, NULL, NULL, 3, 4, NULL, 'Y', NULL, NULL),
(68417, 'HEAD START SECONDARY ENGLISH BK1', '9780195742343', '1ENG35/16', NULL, NULL, NULL, 3, 4, NULL, 'Y', NULL, NULL),
(68418, 'HEAD START SECONDARY ENGLISH BK1', '9780195742343', '1ENG16/016', NULL, NULL, NULL, 3, 4, NULL, 'Y', NULL, NULL),
(68419, 'HEAD START SECONDARY ENGLISH BK1', '9780195742343', '1ENG10/16', NULL, NULL, NULL, 3, 4, NULL, 'N', NULL, '2023-06-08 23:42:50'),
(68420, 'HEAD START SECONDARY ENGLISH BK1', '9780195742343', '1ENG25/016', NULL, NULL, NULL, 3, 4, NULL, 'Y', NULL, '2023-10-23 04:12:56'),
(68421, 'HEAD START SECONDARY ENGLISH BK1', '9780195742343', '1ENG11/16', NULL, NULL, NULL, 3, 4, NULL, 'Y', NULL, NULL),
(68422, 'HEAD START SECONDARY ENGLISH BK1', '9780195742343', '1ENG18/16', NULL, NULL, NULL, 3, 4, NULL, 'Y', NULL, '2024-01-09 23:15:00'),
(68423, 'HEAD START SECONDARY ENGLISH BK1', '9780195742343', '1ENG32/016', NULL, NULL, NULL, 3, 4, NULL, 'Y', NULL, '2024-01-22 06:11:59'),
(68424, 'HEAD START SECONDARY ENGLISH BK1', '9780195742343', '1ENG33/16', NULL, NULL, NULL, 3, 4, NULL, 'Y', NULL, NULL),
(68425, 'HEAD START SECONDARY ENGLISH BK1', '9780195742343', '1ENG23/16', NULL, NULL, NULL, 3, 4, NULL, 'Y', NULL, '2023-10-23 03:53:32'),
(68426, 'NEW INTEGRATED ENGLISH BK1', '9789966222442', '1ENG04/13', NULL, NULL, NULL, 3, 5, NULL, 'Y', NULL, NULL),
(68427, 'NEW INTEGRATED ENGLISH BK1', '9789966222442', '1ENG13/05', NULL, NULL, NULL, 3, 5, NULL, 'Y', NULL, '2024-01-17 05:44:04'),
(68428, 'NEW INTEGRATED ENGLISH BK1', '9789966222442', '1ENG07/2003', NULL, NULL, NULL, 3, 5, NULL, 'Y', NULL, '2023-06-22 07:12:18'),
(68429, 'NEW INTEGRATED ENGLISH BK1', '9789966222442', '1ENG11/05', NULL, NULL, NULL, 3, 5, NULL, 'N', NULL, '2023-06-02 05:41:38'),
(68430, 'NEW INTEGRATED ENGLISH BK1', '9789966222442', '1ENG08/03', NULL, NULL, NULL, 3, 5, NULL, 'Y', NULL, '2023-10-06 06:08:33'),
(68431, 'NEW INTEGRATED ENGLISH BK1', '9789966222442', '1ENG06/13', NULL, NULL, NULL, 3, 5, NULL, 'Y', NULL, NULL),
(68432, 'NEW INTEGRATED ENGLISH BK1', '9789966222442', '1ENG09/2003', NULL, NULL, NULL, 3, 5, NULL, 'Y', NULL, '2023-10-23 03:52:07'),
(68433, 'NEW INTEGRATED ENGLISH BK1', '9789966222442', '1ENG33/05', NULL, NULL, NULL, 3, 5, NULL, 'Y', NULL, NULL),
(68434, 'NEW INTEGRATED ENGLISH BK1', '9789966222442', '1ENG30/13', NULL, NULL, NULL, 3, 5, NULL, 'Y', NULL, NULL),
(68435, 'NEW INTEGRATED ENGLISH BK1', '9789966222442', '1ENG22/05', NULL, NULL, NULL, 3, 5, NULL, 'Y', NULL, '2023-06-22 07:14:40'),
(68436, 'NEW INTEGRATED ENGLISH BK1', '9789966222442', '1ENG69/2003', NULL, NULL, NULL, 3, 5, NULL, 'Y', NULL, '2023-08-08 00:30:45'),
(68437, 'NEW INTEGRATED ENGLISH BK1', '9789966222442', '1ENG01/016', NULL, NULL, NULL, 3, 5, NULL, 'Y', NULL, '2024-01-19 06:23:53'),
(68438, 'NEW INTEGRATED ENGLISH BK1', '9789966222442', '1ENG6/18', NULL, NULL, NULL, 3, 5, NULL, 'Y', NULL, '2023-05-26 05:25:31'),
(68439, 'NEW INTEGRATED ENGLISH BK1', '9789966222442', '1ENG014/03', NULL, NULL, NULL, 3, 5, NULL, 'Y', NULL, NULL),
(68440, 'NEW INTEGRATED ENGLISH BK1', '9789966222442', '1ENG28/13', NULL, NULL, NULL, 3, 5, NULL, 'Y', NULL, NULL),
(68441, 'NEW INTEGRATED ENGLISH BK1', '9789966222442', '1ENG03/08', NULL, NULL, NULL, 3, 5, NULL, 'Y', NULL, NULL),
(68442, 'NEW INTEGRATED ENGLISH BK1', '9789966222442', '1ENG14/13', NULL, NULL, NULL, 3, 5, NULL, 'Y', NULL, '2023-10-23 03:38:00'),
(68443, 'NEW INTEGRATED ENGLISH BK1', '9789966222442', '1ENG54/2003', NULL, NULL, NULL, 3, 5, NULL, 'N', NULL, '2023-06-02 04:56:22'),
(68444, 'NEW INTEGRATED ENGLISH BK1', '9789966222442', '1ENG02/06', NULL, NULL, NULL, 3, 5, NULL, 'Y', NULL, NULL),
(68445, 'NEW INTEGRATED ENGLISH BK1', '9789966222442', '1ENG56/03', NULL, NULL, NULL, 3, 5, NULL, 'N', NULL, '2023-06-02 06:21:33'),
(68446, 'NEW INTEGRATED ENGLISH BK1', '9789966222442', '1ENG27/03', NULL, NULL, NULL, 3, 5, NULL, 'Y', NULL, '2023-10-24 00:50:06'),
(68447, 'NEW INTEGRATED ENGLISH BK1', '9789966222442', '1ENG004/09', NULL, NULL, NULL, 3, 5, NULL, 'Y', NULL, '2023-10-23 03:48:47'),
(68448, 'NEW INTEGRATED ENGLISH BK1', '9789966222442', '1ENG24/13', NULL, NULL, NULL, 3, 5, NULL, 'N', NULL, '2023-06-02 00:33:20'),
(68449, 'NEW INTEGRATED ENGLISH BK1', '9789966222442', '1ENG18/13', NULL, NULL, NULL, 3, 5, NULL, 'Y', NULL, NULL),
(68450, 'NEW INTEGRATED ENGLISH BK1', '9789966222442', '1ENG002/06', NULL, NULL, NULL, 3, 5, NULL, 'Y', NULL, '2023-10-23 03:56:31'),
(68451, 'NEW INTEGRATED ENGLISH BK1', '9789966222442', '1ENG01/2004', NULL, NULL, NULL, 3, 5, NULL, 'Y', NULL, NULL),
(68452, 'NEW INTEGRATED ENGLISH BK1', '9789966222442', '1ENG29/13', NULL, NULL, NULL, 3, 5, NULL, 'Y', NULL, '2023-10-24 02:24:22'),
(68453, 'NEW INTEGRATED ENGLISH BK1', '9789966222442', '1ENG16/13', NULL, NULL, NULL, 3, 5, NULL, 'Y', NULL, '2024-01-18 01:51:03'),
(68454, 'NEW INTEGRATED ENGLISH BK1', '9789966222442', '1ENG14/17', NULL, NULL, NULL, 3, 5, NULL, 'N', NULL, '2023-06-02 02:53:31'),
(68455, 'NEW INTEGRATED ENGLISH BK1', '9789966222442', '1ENG27/13', NULL, NULL, NULL, 3, 5, NULL, 'Y', NULL, '2023-10-23 03:43:32'),
(68456, 'NEW INTEGRATED ENGLISH BK1', '9789966222442', '1ENG001/10', NULL, NULL, NULL, 3, 5, NULL, 'Y', NULL, '2023-10-23 04:18:24'),
(68457, 'NEW INTEGRATED ENGLISH BK1', '9789966222442', '1ENG26/13', NULL, NULL, NULL, 3, 5, NULL, 'N', NULL, '2023-06-02 04:52:44'),
(68458, 'NEW INTEGRATED ENGLISH BK1', '9789966222442', '1ENG26/06', NULL, NULL, NULL, 3, 5, NULL, 'N', NULL, '2023-06-02 04:49:38');

-- --------------------------------------------------------

--
-- Table structure for table `book_issues`
--

CREATE TABLE `book_issues` (
  `id` bigint(20) UNSIGNED NOT NULL,
  `student_id` bigint(20) UNSIGNED NOT NULL,
  `book_id` bigint(20) UNSIGNED NOT NULL,
  `issue_date` timestamp NOT NULL DEFAULT current_timestamp() ON UPDATE current_timestamp(),
  `return_date` timestamp NULL DEFAULT NULL,
  `issue_status` varchar(255) DEFAULT NULL,
  `return_day` timestamp NULL DEFAULT NULL,
  `created_at` timestamp NULL DEFAULT NULL,
  `updated_at` timestamp NULL DEFAULT NULL
) ENGINE=InnoDB DEFAULT CHARSET=utf8mb4 COLLATE=utf8mb4_unicode_ci;

--
-- Dumping data for table `book_issues`
--

INSERT INTO `book_issues` (`id`, `student_id`, `book_id`, `issue_date`, `return_date`, `issue_status`, `return_day`, `created_at`, `updated_at`) VALUES
(63, 241, 70676, '2023-02-02 20:00:00', '2023-02-09 20:00:00', 'N', NULL, '2023-02-03 04:44:59', '2023-02-03 04:44:59'),
(64, 241, 76659, '2023-02-02 20:00:00', '2023-02-09 20:00:00', 'N', NULL, '2023-02-03 04:46:11', '2023-02-03 04:46:11'),
(65, 575, 73183, '2023-02-02 20:00:00', '2023-02-09 20:00:00', 'N', NULL, '2023-02-03 04:54:10', '2023-02-03 04:54:10'),
(66, 548, 81887, '2023-02-02 20:00:00', '2023-02-09 20:00:00', 'N', NULL, '2023-02-03 04:57:14', '2023-02-03 04:57:14'),
(67, 232, 68517, '2023-02-02 20:00:00', '2023-02-09 20:00:00', 'N', NULL, '2023-02-03 04:58:18', '2023-02-03 04:58:18'),
(68, 101, 81888, '2023-02-02 20:00:00', '2023-02-09 20:00:00', 'N', NULL, '2023-02-03 05:00:38', '2023-02-03 05:00:38'),
(70, 482, 81890, '2023-02-02 20:00:00', '2023-02-09 20:00:00', 'N', NULL, '2023-02-03 05:24:25', '2023-02-03 05:24:25'),
(71, 477, 81891, '2023-02-02 20:00:00', '2023-02-09 20:00:00', 'N', NULL, '2023-02-03 05:29:19', '2023-02-03 05:29:19'),
(72, 445, 81892, '2023-02-02 20:00:00', '2023-02-09 20:00:00', 'N', NULL, '2023-02-03 06:27:31', '2023-02-03 06:27:31'),
(73, 432, 81893, '2023-02-02 20:00:00', '2023-02-09 20:00:00', 'N', NULL, '2023-02-03 06:36:50', '2023-02-03 06:36:50'),
(74, 461, 81894, '2023-02-02 20:00:00', '2023-02-09 20:00:00', 'N', NULL, '2023-02-03 06:47:35', '2023-02-03 06:47:35'),
(75, 451, 81895, '2023-02-02 20:00:00', '2023-02-09 20:00:00', 'N', NULL, '2023-02-03 06:49:13', '2023-02-03 06:49:13'),
(77, 410, 81899, '2023-02-05 20:00:00', '2023-02-12 20:00:00', 'N', NULL, '2023-02-06 03:25:29', '2023-02-06 03:25:29'),
(79, 121, 81901, '2023-02-06 20:00:00', '2023-02-13 20:00:00', 'N', NULL, '2023-02-07 08:28:51', '2023-02-07 08:28:51'),
(81, 105, 81903, '2023-02-06 20:00:00', '2023-02-13 20:00:00', 'N', NULL, '2023-02-07 09:19:55', '2023-02-07 09:19:55'),
(82, 338, 81990, '2023-02-09 20:00:00', '2023-02-16 20:00:00', 'N', NULL, '2023-02-10 03:17:07', '2023-02-10 03:17:07'),
(87, 519, 78659, '2023-02-26 20:00:00', '2023-03-05 20:00:00', 'N', NULL, '2023-02-27 04:27:41', '2023-02-27 04:27:41'),
(90, 685, 79382, '2023-02-27 20:00:00', '2023-03-06 20:00:00', 'N', NULL, '2023-02-28 02:37:45', '2023-02-28 02:37:45'),
(92, 43, 78579, '2023-02-27 20:00:00', '2023-03-06 20:00:00', 'N', NULL, '2023-02-28 08:11:18', '2023-02-28 08:11:18'),
(93, 1166, 71489, '2023-02-27 20:00:00', '2023-03-06 20:00:00', 'N', NULL, '2023-02-28 09:15:01', '2023-02-28 09:15:01'),
(94, 1184, 72139, '2023-02-28 20:00:00', '2023-03-07 20:00:00', 'N', NULL, '2023-03-01 03:50:13', '2023-03-01 03:50:13'),
(95, 519, 82081, '2023-02-28 20:00:00', '2023-03-07 20:00:00', 'N', NULL, '2023-03-01 08:18:02', '2023-03-01 08:18:02'),
(97, 51, 82381, '2023-03-02 20:00:00', '2023-03-09 20:00:00', 'N', NULL, '2023-03-03 05:16:44', '2023-03-03 05:16:44');

-- --------------------------------------------------------

--
-- Table structure for table `book_issue_histories`
--

CREATE TABLE `book_issue_histories` (
  `id` bigint(20) UNSIGNED NOT NULL,
  `student_id` bigint(20) UNSIGNED NOT NULL,
  `book_id` bigint(20) UNSIGNED NOT NULL,
  `issue_date` timestamp NOT NULL DEFAULT current_timestamp() ON UPDATE current_timestamp(),
  `return_date` timestamp NULL DEFAULT NULL,
  `issue_status` varchar(255) DEFAULT NULL,
  `return_day` timestamp NULL DEFAULT NULL,
  `created_at` timestamp NULL DEFAULT NULL,
  `updated_at` timestamp NULL DEFAULT NULL
) ENGINE=InnoDB DEFAULT CHARSET=utf8mb4 COLLATE=utf8mb4_unicode_ci;

--
-- Dumping data for table `book_issue_histories`
--

INSERT INTO `book_issue_histories` (`id`, `student_id`, `book_id`, `issue_date`, `return_date`, `issue_status`, `return_day`, `created_at`, `updated_at`) VALUES
(60, 241, 8278, '2023-02-01 20:00:00', '2023-02-08 20:00:00', 'Null', NULL, '2023-02-02 02:58:49', '2023-02-02 02:58:49'),
(61, 241, 2284, '2023-02-01 20:00:00', '2023-02-08 20:00:00', 'Null', NULL, '2023-02-02 03:20:25', '2023-02-02 03:20:25'),
(62, 241, 68393, '2023-02-01 20:00:00', '2023-02-08 20:00:00', 'Null', NULL, '2023-02-02 10:03:21', '2023-02-02 10:03:21'),
(63, 241, 70676, '2023-02-02 20:00:00', '2023-02-09 20:00:00', 'Null', NULL, '2023-02-03 04:44:59', '2023-02-03 04:44:59'),
(64, 241, 76659, '2023-02-02 20:00:00', '2023-02-09 20:00:00', 'Null', NULL, '2023-02-03 04:46:11', '2023-02-03 04:46:11'),
(65, 575, 73183, '2023-02-02 20:00:00', '2023-02-09 20:00:00', 'Null', NULL, '2023-02-03 04:54:10', '2023-02-03 04:54:10'),
(66, 548, 81887, '2023-02-02 20:00:00', '2023-02-09 20:00:00', 'Null', NULL, '2023-02-03 04:57:14', '2023-02-03 04:57:14'),
(67, 232, 68517, '2023-02-02 20:00:00', '2023-02-09 20:00:00', 'Null', NULL, '2023-02-03 04:58:18', '2023-02-03 04:58:18'),
(68, 101, 81888, '2023-02-02 20:00:00', '2023-02-09 20:00:00', 'Null', NULL, '2023-02-03 05:00:38', '2023-02-03 05:00:38'),
(69, 750, 74974, '2023-02-02 20:00:00', '2023-02-09 20:00:00', 'Null', NULL, '2023-02-03 05:05:00', '2023-02-03 05:05:00'),
(70, 482, 81890, '2023-02-02 20:00:00', '2023-02-09 20:00:00', 'Null', NULL, '2023-02-03 05:24:25', '2023-02-03 05:24:25'),
(71, 477, 81891, '2023-02-02 20:00:00', '2023-02-09 20:00:00', 'Null', NULL, '2023-02-03 05:29:19', '2023-02-03 05:29:19'),
(72, 445, 81892, '2023-02-02 20:00:00', '2023-02-09 20:00:00', 'Null', NULL, '2023-02-03 06:27:31', '2023-02-03 06:27:31'),
(73, 432, 81893, '2023-02-02 20:00:00', '2023-02-09 20:00:00', 'Null', NULL, '2023-02-03 06:36:50', '2023-02-03 06:36:50'),
(74, 461, 81894, '2023-02-02 20:00:00', '2023-02-09 20:00:00', 'Null', NULL, '2023-02-03 06:47:35', '2023-02-03 06:47:35'),
(75, 451, 81895, '2023-02-02 20:00:00', '2023-02-09 20:00:00', 'Null', NULL, '2023-02-03 06:49:13', '2023-02-03 06:49:13'),
(76, 782, 68394, '2023-02-05 20:00:00', '2023-02-12 20:00:00', 'Null', NULL, '2023-02-06 02:13:34', '2023-02-06 02:13:34'),
(77, 410, 81899, '2023-02-05 20:00:00', '2023-02-12 20:00:00', 'Null', NULL, '2023-02-06 03:25:29', '2023-02-06 03:25:29'),
(78, 51, 70938, '2023-02-06 20:00:00', '2023-02-13 20:00:00', 'Null', NULL, '2023-02-07 08:03:09', '2023-02-07 08:03:09'),
(79, 121, 81901, '2023-02-06 20:00:00', '2023-02-13 20:00:00', 'Null', NULL, '2023-02-07 08:28:51', '2023-02-07 08:28:51'),
(80, 118, 81902, '2023-02-06 20:00:00', '2023-02-13 20:00:00', 'Null', NULL, '2023-02-07 08:30:55', '2023-02-07 08:30:55'),
(81, 105, 81903, '2023-02-06 20:00:00', '2023-02-13 20:00:00', 'Null', NULL, '2023-02-07 09:19:55', '2023-02-07 09:19:55');

-- --------------------------------------------------------

--
-- Table structure for table `book_issue_staffs`
--

CREATE TABLE `book_issue_staffs` (
  `id` bigint(20) UNSIGNED NOT NULL,
  `staff_id` bigint(20) UNSIGNED NOT NULL,
  `book_id` bigint(20) UNSIGNED NOT NULL,
  `issue_date` timestamp NOT NULL DEFAULT current_timestamp() ON UPDATE current_timestamp(),
  `return_date` timestamp NULL DEFAULT NULL,
  `issue_status` varchar(255) DEFAULT NULL,
  `return_day` timestamp NULL DEFAULT NULL,
  `created_at` timestamp NULL DEFAULT NULL,
  `updated_at` timestamp NULL DEFAULT NULL
) ENGINE=InnoDB DEFAULT CHARSET=utf8mb4 COLLATE=utf8mb4_unicode_ci;

-- --------------------------------------------------------

--
-- Table structure for table `cache`
--

CREATE TABLE `cache` (
  `key` varchar(255) NOT NULL,
  `value` mediumtext NOT NULL,
  `expiration` int(11) NOT NULL
) ENGINE=InnoDB DEFAULT CHARSET=utf8mb4 COLLATE=utf8mb4_unicode_ci;

--
-- Dumping data for table `cache`
--

INSERT INTO `cache` (`key`, `value`, `expiration`) VALUES
('spatie.permission.cache', 'a:3:{s:5:\"alias\";a:4:{s:1:\"a\";s:2:\"id\";s:1:\"b\";s:4:\"name\";s:1:\"c\";s:10:\"guard_name\";s:1:\"r\";s:5:\"roles\";}s:11:\"permissions\";a:15:{i:0;a:4:{s:1:\"a\";i:1;s:1:\"b\";s:13:\"view students\";s:1:\"c\";s:3:\"web\";s:1:\"r\";a:2:{i:0;i:1;i:1;i:3;}}i:1;a:4:{s:1:\"a\";i:2;s:1:\"b\";s:15:\"manage students\";s:1:\"c\";s:3:\"web\";s:1:\"r\";a:1:{i:0;i:1;}}i:2;a:4:{s:1:\"a\";i:3;s:1:\"b\";s:16:\"view instructors\";s:1:\"c\";s:3:\"web\";s:1:\"r\";a:1:{i:0;i:1;}}i:3;a:4:{s:1:\"a\";i:4;s:1:\"b\";s:18:\"manage instructors\";s:1:\"c\";s:3:\"web\";s:1:\"r\";a:1:{i:0;i:1;}}i:4;a:4:{s:1:\"a\";i:5;s:1:\"b\";s:12:\"view finance\";s:1:\"c\";s:3:\"web\";s:1:\"r\";a:2:{i:0;i:1;i:1;i:4;}}i:5;a:4:{s:1:\"a\";i:6;s:1:\"b\";s:14:\"manage finance\";s:1:\"c\";s:3:\"web\";s:1:\"r\";a:2:{i:0;i:1;i:1;i:4;}}i:6;a:4:{s:1:\"a\";i:7;s:1:\"b\";s:12:\"view library\";s:1:\"c\";s:3:\"web\";s:1:\"r\";a:2:{i:0;i:1;i:1;i:5;}}i:7;a:4:{s:1:\"a\";i:8;s:1:\"b\";s:14:\"manage library\";s:1:\"c\";s:3:\"web\";s:1:\"r\";a:2:{i:0;i:1;i:1;i:5;}}i:8;a:4:{s:1:\"a\";i:9;s:1:\"b\";s:12:\"view parents\";s:1:\"c\";s:3:\"web\";s:1:\"r\";a:1:{i:0;i:1;}}i:9;a:4:{s:1:\"a\";i:10;s:1:\"b\";s:14:\"manage parents\";s:1:\"c\";s:3:\"web\";s:1:\"r\";a:1:{i:0;i:1;}}i:10;a:4:{s:1:\"a\";i:11;s:1:\"b\";s:16:\"view own profile\";s:1:\"c\";s:3:\"web\";s:1:\"r\";a:6:{i:0;i:1;i:1;i:2;i:2;i:3;i:3;i:4;i:4;i:5;i:5;i:6;}}i:11;a:4:{s:1:\"a\";i:12;s:1:\"b\";s:16:\"edit own profile\";s:1:\"c\";s:3:\"web\";s:1:\"r\";a:4:{i:0;i:1;i:1;i:2;i:2;i:3;i:3;i:6;}}i:12;a:4:{s:1:\"a\";i:13;s:1:\"b\";s:14:\"manage grading\";s:1:\"c\";s:3:\"web\";s:1:\"r\";a:2:{i:0;i:1;i:1;i:3;}}i:13;a:4:{s:1:\"a\";i:14;s:1:\"b\";s:12:\"view grading\";s:1:\"c\";s:3:\"web\";s:1:\"r\";a:2:{i:0;i:1;i:1;i:3;}}i:14;a:4:{s:1:\"a\";i:15;s:1:\"b\";s:13:\"manage orders\";s:1:\"c\";s:3:\"web\";s:1:\"r\";a:1:{i:0;i:1;}}}s:5:\"roles\";a:6:{i:0;a:3:{s:1:\"a\";i:1;s:1:\"b\";s:5:\"admin\";s:1:\"c\";s:3:\"web\";}i:1;a:3:{s:1:\"a\";i:3;s:1:\"b\";s:10:\"instructor\";s:1:\"c\";s:3:\"web\";}i:2;a:3:{s:1:\"a\";i:4;s:1:\"b\";s:7:\"finance\";s:1:\"c\";s:3:\"web\";}i:3;a:3:{s:1:\"a\";i:5;s:1:\"b\";s:7:\"library\";s:1:\"c\";s:3:\"web\";}i:4;a:3:{s:1:\"a\";i:2;s:1:\"b\";s:7:\"student\";s:1:\"c\";s:3:\"web\";}i:5;a:3:{s:1:\"a\";i:6;s:1:\"b\";s:8:\"guardian\";s:1:\"c\";s:3:\"web\";}}}', 1722666218);

-- --------------------------------------------------------

--
-- Table structure for table `cache_locks`
--

CREATE TABLE `cache_locks` (
  `key` varchar(255) NOT NULL,
  `owner` varchar(255) NOT NULL,
  `expiration` int(11) NOT NULL
) ENGINE=InnoDB DEFAULT CHARSET=utf8mb4 COLLATE=utf8mb4_unicode_ci;

-- --------------------------------------------------------

--
-- Table structure for table `classes`
--

CREATE TABLE `classes` (
  `id` int(11) NOT NULL,
  `level` varchar(50) NOT NULL,
  `stream` varchar(50) NOT NULL,
  `class_teacher` varchar(100) DEFAULT NULL,
  `year` int(11) NOT NULL,
  `capacity` int(11) DEFAULT NULL,
  `notes` text DEFAULT NULL
) ENGINE=InnoDB DEFAULT CHARSET=utf8mb4 COLLATE=utf8mb4_general_ci;

-- --------------------------------------------------------

--
-- Table structure for table `failed_jobs`
--

CREATE TABLE `failed_jobs` (
  `id` bigint(20) UNSIGNED NOT NULL,
  `uuid` varchar(255) NOT NULL,
  `connection` text NOT NULL,
  `queue` text NOT NULL,
  `payload` longtext NOT NULL,
  `exception` longtext NOT NULL,
  `failed_at` timestamp NOT NULL DEFAULT current_timestamp()
) ENGINE=InnoDB DEFAULT CHARSET=utf8mb4 COLLATE=utf8mb4_unicode_ci;

-- --------------------------------------------------------

--
-- Table structure for table `fee_details`
--

CREATE TABLE `fee_details` (
  `id` int(11) NOT NULL,
  `fee_structure_id` int(11) NOT NULL,
  `description` varchar(255) NOT NULL,
  `amount` decimal(10,2) NOT NULL,
  `created_at` timestamp NOT NULL DEFAULT current_timestamp(),
  `updated_at` timestamp NOT NULL DEFAULT current_timestamp() ON UPDATE current_timestamp()
) ENGINE=InnoDB DEFAULT CHARSET=utf8mb4 COLLATE=utf8mb4_general_ci;

-- --------------------------------------------------------

--
-- Table structure for table `fee_payments`
--

CREATE TABLE `fee_payments` (
  `id` int(11) NOT NULL,
  `student_id` int(11) NOT NULL,
  `amount` decimal(10,2) NOT NULL,
  `payment_date` date NOT NULL,
  `description` varchar(255) DEFAULT NULL,
  `created_at` timestamp NOT NULL DEFAULT current_timestamp(),
  `updated_at` timestamp NOT NULL DEFAULT current_timestamp() ON UPDATE current_timestamp()
) ENGINE=InnoDB DEFAULT CHARSET=utf8mb4 COLLATE=utf8mb4_general_ci;

-- --------------------------------------------------------

--
-- Table structure for table `fee_structures`
--

CREATE TABLE `fee_structures` (
  `id` int(11) NOT NULL,
  `level_id` int(11) NOT NULL,
  `total_fee` decimal(10,2) NOT NULL,
  `created_at` timestamp NOT NULL DEFAULT current_timestamp(),
  `updated_at` timestamp NOT NULL DEFAULT current_timestamp() ON UPDATE current_timestamp()
) ENGINE=InnoDB DEFAULT CHARSET=utf8mb4 COLLATE=utf8mb4_general_ci;

-- --------------------------------------------------------

--
-- Table structure for table `guardians`
--

CREATE TABLE `guardians` (
  `id` int(11) NOT NULL,
  `name` varchar(255) NOT NULL,
  `phone` varchar(15) NOT NULL,
  `email` varchar(255) NOT NULL,
  `address` text DEFAULT NULL,
  `town` varchar(255) DEFAULT NULL,
  `created_at` timestamp NOT NULL DEFAULT current_timestamp(),
  `updated_at` timestamp NOT NULL DEFAULT current_timestamp() ON UPDATE current_timestamp()
) ENGINE=InnoDB DEFAULT CHARSET=utf8mb4 COLLATE=utf8mb4_general_ci;

-- --------------------------------------------------------

--
-- Table structure for table `hostels`
--

CREATE TABLE `hostels` (
  `id` int(10) UNSIGNED NOT NULL,
  `name` varchar(255) NOT NULL,
  `number_of_rooms` int(11) NOT NULL,
  `photo` varchar(255) DEFAULT NULL,
  `created_at` timestamp NOT NULL DEFAULT current_timestamp(),
  `updated_at` timestamp NOT NULL DEFAULT current_timestamp() ON UPDATE current_timestamp()
) ENGINE=InnoDB DEFAULT CHARSET=utf8mb4 COLLATE=utf8mb4_general_ci;

--
-- Dumping data for table `hostels`
--

INSERT INTO `hostels` (`id`, `name`, `number_of_rooms`, `photo`, `created_at`, `updated_at`) VALUES
(23, 'Hostel C', 60, 'hostel_c.jpg', '2024-06-25 05:22:05', '2024-06-25 05:22:05'),
(24, 'Hostel D', 55, 'hostel_d.jpg', '2024-06-25 05:22:05', '2024-06-25 05:22:05'),
(25, 'Hostel E', 45, 'hostel_e.jpg', '2024-06-25 05:22:05', '2024-06-25 05:22:05'),
(32, 'test', 7, NULL, '2024-06-25 02:50:49', '2024-06-25 02:50:49'),
(33, 'Kody Gorczany', 336, NULL, '2024-06-25 03:00:22', '2024-06-25 03:00:22'),
(34, 'Kody Gorczany', 336, NULL, '2024-06-25 03:00:29', '2024-06-25 03:00:29'),
(35, 'Kody Gorczany', 336, NULL, '2024-06-25 03:00:30', '2024-06-25 03:00:30'),
(36, 'Kody Gorczany', 336, NULL, '2024-06-25 03:00:33', '2024-06-25 03:00:33'),
(37, 'Kody Gorczany', 336, NULL, '2024-06-25 03:00:35', '2024-06-25 03:00:35'),
(38, 'Kody Gorczany', 336, NULL, '2024-06-25 03:00:37', '2024-06-25 03:00:37'),
(39, 'Kody Gorczany', 336, NULL, '2024-06-25 03:00:39', '2024-06-25 03:00:39'),
(40, 'Kody Gorczany', 336, NULL, '2024-06-25 03:01:00', '2024-06-25 03:01:00'),
(41, 'Kody Gorczany', 336, NULL, '2024-06-25 03:01:01', '2024-06-25 03:01:01'),
(42, 'Kody Gorczany', 336, NULL, '2024-06-25 03:01:07', '2024-06-25 03:01:07'),
(43, 'Francesca Herman', 363, NULL, '2024-06-25 03:02:26', '2024-06-25 03:02:26'),
(44, 'Francesca Herman', 363, NULL, '2024-06-25 03:02:40', '2024-06-25 03:02:40');

-- --------------------------------------------------------

--
-- Table structure for table `jobs`
--

CREATE TABLE `jobs` (
  `id` bigint(20) UNSIGNED NOT NULL,
  `queue` varchar(255) NOT NULL,
  `payload` longtext NOT NULL,
  `attempts` tinyint(3) UNSIGNED NOT NULL,
  `reserved_at` int(10) UNSIGNED DEFAULT NULL,
  `available_at` int(10) UNSIGNED NOT NULL,
  `created_at` int(10) UNSIGNED NOT NULL
) ENGINE=InnoDB DEFAULT CHARSET=utf8mb4 COLLATE=utf8mb4_unicode_ci;

-- --------------------------------------------------------

--
-- Table structure for table `job_batches`
--

CREATE TABLE `job_batches` (
  `id` varchar(255) NOT NULL,
  `name` varchar(255) NOT NULL,
  `total_jobs` int(11) NOT NULL,
  `pending_jobs` int(11) NOT NULL,
  `failed_jobs` int(11) NOT NULL,
  `failed_job_ids` longtext NOT NULL,
  `options` mediumtext DEFAULT NULL,
  `cancelled_at` int(11) DEFAULT NULL,
  `created_at` int(11) NOT NULL,
  `finished_at` int(11) DEFAULT NULL
) ENGINE=InnoDB DEFAULT CHARSET=utf8mb4 COLLATE=utf8mb4_unicode_ci;

-- --------------------------------------------------------

--
-- Table structure for table `lib_settings`
--

CREATE TABLE `lib_settings` (
  `id` bigint(20) UNSIGNED NOT NULL,
  `return_days` varchar(255) NOT NULL,
  `fine` varchar(255) NOT NULL,
  `created_at` timestamp NULL DEFAULT NULL,
  `updated_at` timestamp NULL DEFAULT NULL
) ENGINE=InnoDB DEFAULT CHARSET=utf8mb4 COLLATE=utf8mb4_unicode_ci;

--
-- Dumping data for table `lib_settings`
--

INSERT INTO `lib_settings` (`id`, `return_days`, `fine`, `created_at`, `updated_at`) VALUES
(1, '7', '40', '2023-01-06 20:01:51', '2023-01-23 08:29:21');

-- --------------------------------------------------------

--
-- Table structure for table `migrations`
--

CREATE TABLE `migrations` (
  `id` int(10) UNSIGNED NOT NULL,
  `migration` varchar(255) NOT NULL,
  `batch` int(11) NOT NULL
) ENGINE=InnoDB DEFAULT CHARSET=utf8mb4 COLLATE=utf8mb4_unicode_ci;

--
-- Dumping data for table `migrations`
--

INSERT INTO `migrations` (`id`, `migration`, `batch`) VALUES
(1, '0001_01_01_000000_create_users_table', 1),
(2, '0001_01_01_000001_create_cache_table', 1),
(3, '0001_01_01_000002_create_jobs_table', 1),
(4, '2024_04_16_121127_create_personal_access_tokens_table', 1),
(5, '2024_05_23_060902_create_permission_tables', 1);

-- --------------------------------------------------------

--
-- Table structure for table `model_has_permissions`
--

CREATE TABLE `model_has_permissions` (
  `permission_id` bigint(20) UNSIGNED NOT NULL,
  `model_type` varchar(255) NOT NULL,
  `model_id` bigint(20) UNSIGNED NOT NULL
) ENGINE=InnoDB DEFAULT CHARSET=utf8mb4 COLLATE=utf8mb4_unicode_ci;

-- --------------------------------------------------------

--
-- Table structure for table `model_has_roles`
--

CREATE TABLE `model_has_roles` (
  `role_id` bigint(20) UNSIGNED NOT NULL,
  `model_type` varchar(255) NOT NULL,
  `model_id` bigint(20) UNSIGNED NOT NULL
) ENGINE=InnoDB DEFAULT CHARSET=utf8mb4 COLLATE=utf8mb4_unicode_ci;

--
-- Dumping data for table `model_has_roles`
--

INSERT INTO `model_has_roles` (`role_id`, `model_type`, `model_id`) VALUES
(1, 'App\\Models\\User', 3),
(2, 'App\\Models\\User', 4),
(3, 'App\\Models\\User', 5),
(4, 'App\\Models\\User', 6),
(5, 'App\\Models\\User', 7),
(6, 'App\\Models\\User', 8);

-- --------------------------------------------------------

--
-- Table structure for table `password_reset_tokens`
--

CREATE TABLE `password_reset_tokens` (
  `email` varchar(255) NOT NULL,
  `token` varchar(255) NOT NULL,
  `created_at` timestamp NULL DEFAULT NULL
) ENGINE=InnoDB DEFAULT CHARSET=utf8mb4 COLLATE=utf8mb4_unicode_ci;

-- --------------------------------------------------------

--
-- Table structure for table `permissions`
--

CREATE TABLE `permissions` (
  `id` bigint(20) UNSIGNED NOT NULL,
  `name` varchar(255) NOT NULL,
  `guard_name` varchar(255) NOT NULL,
  `created_at` timestamp NULL DEFAULT NULL,
  `updated_at` timestamp NULL DEFAULT NULL
) ENGINE=InnoDB DEFAULT CHARSET=utf8mb4 COLLATE=utf8mb4_unicode_ci;

--
-- Dumping data for table `permissions`
--

INSERT INTO `permissions` (`id`, `name`, `guard_name`, `created_at`, `updated_at`) VALUES
(1, 'view students', 'web', '2024-05-29 03:50:08', '2024-05-29 03:50:08'),
(2, 'manage students', 'web', '2024-05-29 03:50:08', '2024-05-29 03:50:08'),
(3, 'view instructors', 'web', '2024-05-29 03:50:08', '2024-05-29 03:50:08'),
(4, 'manage instructors', 'web', '2024-05-29 03:50:08', '2024-05-29 03:50:08'),
(5, 'view finance', 'web', '2024-05-29 03:50:08', '2024-05-29 03:50:08'),
(6, 'manage finance', 'web', '2024-05-29 03:50:08', '2024-05-29 03:50:08'),
(7, 'view library', 'web', '2024-05-29 03:50:08', '2024-05-29 03:50:08'),
(8, 'manage library', 'web', '2024-05-29 03:50:08', '2024-05-29 03:50:08'),
(9, 'view parents', 'web', '2024-05-29 03:50:08', '2024-05-29 03:50:08'),
(10, 'manage parents', 'web', '2024-05-29 03:50:08', '2024-05-29 03:50:08'),
(11, 'view own profile', 'web', '2024-05-29 03:50:08', '2024-05-29 03:50:08'),
(12, 'edit own profile', 'web', '2024-05-29 03:50:08', '2024-05-29 03:50:08'),
(13, 'manage grading', 'web', '2024-05-29 03:50:08', '2024-05-29 03:50:08'),
(14, 'view grading', 'web', '2024-05-29 03:50:08', '2024-05-29 03:50:08'),
(15, 'manage orders', 'web', '2024-05-29 03:50:08', '2024-05-29 03:50:08');

-- --------------------------------------------------------

--
-- Table structure for table `personal_access_tokens`
--

CREATE TABLE `personal_access_tokens` (
  `id` bigint(20) UNSIGNED NOT NULL,
  `tokenable_type` varchar(255) NOT NULL,
  `tokenable_id` bigint(20) UNSIGNED NOT NULL,
  `name` varchar(255) NOT NULL,
  `token` varchar(64) NOT NULL,
  `abilities` text DEFAULT NULL,
  `last_used_at` timestamp NULL DEFAULT NULL,
  `expires_at` timestamp NULL DEFAULT NULL,
  `created_at` timestamp NULL DEFAULT NULL,
  `updated_at` timestamp NULL DEFAULT NULL
) ENGINE=InnoDB DEFAULT CHARSET=utf8mb4 COLLATE=utf8mb4_unicode_ci;

--
-- Dumping data for table `personal_access_tokens`
--

INSERT INTO `personal_access_tokens` (`id`, `tokenable_type`, `tokenable_id`, `name`, `token`, `abilities`, `last_used_at`, `expires_at`, `created_at`, `updated_at`) VALUES
(1, 'App\\Models\\User', 3, 'authToken', 'ba99b1c315b5aa9e186517537a405d51e11750209746ca244d5a0070910402d5', '[\"*\"]', NULL, NULL, '2024-05-29 08:29:15', '2024-05-29 08:29:15'),
(2, 'App\\Models\\User', 3, 'authToken', '4e73b5959f048aa8694ec216df078d6cd3b4bccb833def1cb225b7234d77c00d', '[\"*\"]', NULL, NULL, '2024-05-29 08:35:57', '2024-05-29 08:35:57'),
(3, 'App\\Models\\User', 5, 'authToken', '2452796d6cee540e1254feef8a1c3e1f482d067ec968d447242931600350e2ca', '[\"*\"]', NULL, NULL, '2024-05-29 08:36:56', '2024-05-29 08:36:56'),
(4, 'App\\Models\\User', 5, 'authToken', 'b61687380d0a56823b32f72029462ac82fbf8b59750b8bb5112227f1499cbf78', '[\"*\"]', NULL, NULL, '2024-05-29 08:47:56', '2024-05-29 08:47:56'),
(5, 'App\\Models\\User', 3, 'authToken', '512ba89150cd5c2e88766cac7e314cf1e9614ddd9cccf46b07ee770d4d2ad94f', '[\"*\"]', NULL, NULL, '2024-05-29 09:14:18', '2024-05-29 09:14:18'),
(6, 'App\\Models\\User', 3, 'authToken', 'd886614e386e4fa8a58179f72d17d02e0facd760b9cfa2180e96ac568b4c59f9', '[\"*\"]', NULL, NULL, '2024-05-29 09:17:14', '2024-05-29 09:17:14'),
(7, 'App\\Models\\User', 3, 'authToken', '338c0a0fbd1b488da8e690ce4ce618f0d240de38634bba309b6c40e42b96f652', '[\"*\"]', NULL, NULL, '2024-05-29 09:18:02', '2024-05-29 09:18:02'),
(8, 'App\\Models\\User', 3, 'authToken', 'ca267305477af6c8c493c972f3cf6ac7439863c38487887c208ce6744bd405e1', '[\"*\"]', NULL, NULL, '2024-05-29 09:22:09', '2024-05-29 09:22:09'),
(9, 'App\\Models\\User', 3, 'authToken', '764190ac424511b67c72fd5794d1aada42a07f40985b0e55e6ed96fdac1db419', '[\"*\"]', NULL, NULL, '2024-05-29 09:22:39', '2024-05-29 09:22:39'),
(10, 'App\\Models\\User', 3, 'authToken', '8f4587f670662ce7084425bcf6478ed3ee89a1ad669dec0f4af24176c1ba4766', '[\"*\"]', NULL, NULL, '2024-05-29 09:23:13', '2024-05-29 09:23:13'),
(11, 'App\\Models\\User', 3, 'authToken', 'c659e8613b3ec6a5b87ce8fb3d15704deb3ada5fce03375c2e8b55cb46b8cdc3', '[\"*\"]', NULL, NULL, '2024-05-29 09:23:45', '2024-05-29 09:23:45'),
(12, 'App\\Models\\User', 3, 'authToken', 'a6a4cb08ba609d36a30fe84d34cc3cf510d2e35c454471e95e0643d76f50e20c', '[\"*\"]', NULL, NULL, '2024-05-29 09:24:06', '2024-05-29 09:24:06'),
(13, 'App\\Models\\User', 3, 'authToken', '217a001f25c72602a9815221b69c45f1bdfaca93fbbe07293a57e70316306bfc', '[\"*\"]', NULL, NULL, '2024-05-29 09:24:21', '2024-05-29 09:24:21'),
(14, 'App\\Models\\User', 3, 'authToken', 'c6c2a1e63b098cd764248f592094235566193c171274e9818845ed4dc696b4c8', '[\"*\"]', NULL, NULL, '2024-05-29 09:24:40', '2024-05-29 09:24:40'),
(15, 'App\\Models\\User', 3, 'authToken', '3afa7a4fd0bb32f9280c22e96aa13950bb898de277d7393b643bdf5d88046aff', '[\"*\"]', NULL, NULL, '2024-05-29 09:25:49', '2024-05-29 09:25:49'),
(16, 'App\\Models\\User', 3, 'authToken', '93c355c734d1be6abec17c75b0061c178ebf182e528553911acf3c9da765d008', '[\"*\"]', NULL, NULL, '2024-05-29 09:26:41', '2024-05-29 09:26:41'),
(17, 'App\\Models\\User', 3, 'authToken', '8431be3dcd863d9daf7c176aa4f2ca110dad4b8bc4d402886f983dac2a79f6cb', '[\"*\"]', NULL, NULL, '2024-05-29 09:29:21', '2024-05-29 09:29:21'),
(18, 'App\\Models\\User', 3, 'authToken', 'c2e122cd34fdc4a5a70865752f1e3769113e46cbd13ece26927084b3e767b6af', '[\"*\"]', NULL, NULL, '2024-05-29 09:29:31', '2024-05-29 09:29:31'),
(19, 'App\\Models\\User', 3, 'authToken', '68fdaf1a58c97eba36944bbebe75fff2810229e1d79e1597ee4a69b536ace1a4', '[\"*\"]', NULL, NULL, '2024-05-29 09:30:22', '2024-05-29 09:30:22'),
(20, 'App\\Models\\User', 3, 'authToken', '0ca5232914c469c3a904386b46e9583b2dac3fef5c4d27ab73a0e4e1e9ad5d98', '[\"*\"]', NULL, NULL, '2024-05-29 09:30:37', '2024-05-29 09:30:37'),
(21, 'App\\Models\\User', 3, 'authToken', '0c626edce5e53f54d1f661e79c3303fb1732ead45214fb4aab97375ac229d4c6', '[\"*\"]', NULL, NULL, '2024-05-29 09:31:13', '2024-05-29 09:31:13'),
(22, 'App\\Models\\User', 3, 'authToken', 'e8c69b82ba92401d9767e6e360e866e03df87ced4eea193584cc0219e7c85469', '[\"*\"]', NULL, NULL, '2024-05-29 09:31:26', '2024-05-29 09:31:26'),
(23, 'App\\Models\\User', 3, 'authToken', 'd64bac5b96baaa504ce045a8c86317f48464c7e1669fc24bab8494881c083fdc', '[\"*\"]', NULL, NULL, '2024-05-29 09:31:47', '2024-05-29 09:31:47'),
(24, 'App\\Models\\User', 3, 'authToken', 'e6d64a8443dfe8999134d24289f44198018855216c4889e6fc826f8a480738ae', '[\"*\"]', NULL, NULL, '2024-05-29 09:47:24', '2024-05-29 09:47:24'),
(25, 'App\\Models\\User', 3, 'authToken', '7a6bc126c9d3e955de4ef31279ceff0bc7d521a953117015d69220c6b2e49462', '[\"*\"]', NULL, NULL, '2024-05-29 09:48:22', '2024-05-29 09:48:22'),
(26, 'App\\Models\\User', 3, 'authToken', '7e1ac7e83c67394ad7de666207997c9992180dfbf2ed6e17441d158d17d1b6f4', '[\"*\"]', NULL, NULL, '2024-05-29 09:48:36', '2024-05-29 09:48:36'),
(27, 'App\\Models\\User', 3, 'authToken', 'a4022d07c4a655f2608319be9afaf4fd15bcb01bccd15d25b701e6acd004e319', '[\"*\"]', NULL, NULL, '2024-05-29 09:49:14', '2024-05-29 09:49:14'),
(28, 'App\\Models\\User', 3, 'authToken', 'a1df7f2f17425504a6bf1310a30517a0816d4fc66683d92983d97807f7a8bbe5', '[\"*\"]', NULL, NULL, '2024-05-29 09:51:32', '2024-05-29 09:51:32'),
(29, 'App\\Models\\User', 3, 'authToken', '6347c00013fc3742125cabd1f4db4a54bafc5ea982db306b78d27e4d683fc7f4', '[\"*\"]', NULL, NULL, '2024-05-29 09:51:57', '2024-05-29 09:51:57'),
(30, 'App\\Models\\User', 3, 'authToken', '6ecc687573315e3b8f8f8ea295790184c610158dfef74b3c451042858e18c1b8', '[\"*\"]', NULL, NULL, '2024-05-29 09:52:39', '2024-05-29 09:52:39'),
(31, 'App\\Models\\User', 3, 'authToken', 'e4595ac53b61096123910fbbb180653c05b3a9d9e3aa57b9a0539b30e12bdfb7', '[\"*\"]', NULL, NULL, '2024-05-31 02:44:13', '2024-05-31 02:44:13'),
(32, 'App\\Models\\User', 6, 'authToken', 'c28218f45b4a27acdee2d6a2dcd46821114828860b27283e7349b497f7d13eb5', '[\"*\"]', NULL, NULL, '2024-05-31 03:16:04', '2024-05-31 03:16:04'),
(33, 'App\\Models\\User', 3, 'authToken', 'c3c69e06e496cee1a2336932c0ace96345bbd6312696a503092f8f2fbda10f34', '[\"*\"]', NULL, NULL, '2024-05-31 03:33:35', '2024-05-31 03:33:35'),
(34, 'App\\Models\\User', 3, 'authToken', 'e06ad85d9a6c08fd73a487bb8d509685172c34611136c00d0195da8d826b1dbf', '[\"*\"]', NULL, NULL, '2024-05-31 03:33:53', '2024-05-31 03:33:53'),
(35, 'App\\Models\\User', 3, 'authToken', '2bb53fe576f60828f1ebb0391fae371206a363c34e7cb22bc601fd7e50f35dd1', '[\"*\"]', NULL, NULL, '2024-05-31 03:44:01', '2024-05-31 03:44:01'),
(36, 'App\\Models\\User', 3, 'authToken', '5569ade9841e527cb68cb60c21b1eb7f96119b8d7b79b27b750651aaaa7eac21', '[\"*\"]', NULL, NULL, '2024-05-31 03:44:17', '2024-05-31 03:44:17'),
(37, 'App\\Models\\User', 6, 'authToken', 'e7f1ba2a156f7789725d5c84154cd2e372290addc992617cefd4adc9f08e7c32', '[\"*\"]', NULL, NULL, '2024-05-31 03:45:00', '2024-05-31 03:45:00'),
(38, 'App\\Models\\User', 8, 'authToken', 'a805a1638af4bac0bff9bd1cb0f75503fd2cb52de0f04f66e0a608de04f5989e', '[\"*\"]', NULL, NULL, '2024-05-31 03:45:13', '2024-05-31 03:45:13'),
(39, 'App\\Models\\User', 3, 'authToken', '144bbe75d078333adfb14af2116c5768c80915995aaff900dec0d20a5866f9f6', '[\"*\"]', NULL, NULL, '2024-05-31 04:03:26', '2024-05-31 04:03:26'),
(40, 'App\\Models\\User', 3, 'authToken', '29754874116586c38d57e5496e6910be37125fe71804faa5bccee5dbb34695d2', '[\"*\"]', NULL, NULL, '2024-05-31 04:03:41', '2024-05-31 04:03:41'),
(41, 'App\\Models\\User', 6, 'authToken', 'c74849a1efa19c599d5feb2598e28ff08b3a3314499c0edc1563f1802c12dc8f', '[\"*\"]', NULL, NULL, '2024-05-31 11:08:57', '2024-05-31 11:08:57'),
(42, 'App\\Models\\User', 3, 'authToken', '4f55c04601818a5759d00bd5dcfe6b5c76b25435e9463dad2ca07798f55099cf', '[\"*\"]', NULL, NULL, '2024-06-04 09:07:14', '2024-06-04 09:07:14'),
(43, 'App\\Models\\User', 6, 'authToken', 'e42b11feab5c3f9b72d8ab4c224d84d388d1fed16226a83c821cbcb8889109e4', '[\"*\"]', NULL, NULL, '2024-06-04 09:47:48', '2024-06-04 09:47:48'),
(44, 'App\\Models\\User', 3, 'authToken', '75726a2d4f76aff2d8ac613bd9937693fa7b43377f20c5b367160afd8bf861fe', '[\"*\"]', NULL, NULL, '2024-06-04 11:06:33', '2024-06-04 11:06:33'),
(45, 'App\\Models\\User', 6, 'authToken', '4e13f982e8457619cceb9fb0b78ad8f36ac93a8ff3e2b4051874bc84d08d631e', '[\"*\"]', NULL, NULL, '2024-06-04 11:07:49', '2024-06-04 11:07:49'),
(46, 'App\\Models\\User', 3, 'authToken', '31a75fa35b8536b96a7ca86ed278fefb81db0052cf11ddaa26bec66ac0bf8273', '[\"*\"]', NULL, NULL, '2024-06-04 11:15:17', '2024-06-04 11:15:17'),
(47, 'App\\Models\\User', 3, 'authToken', '37b84b65a31729ffc73532312e9aa2fdb222ac0f47d4c7340e65a1ee130a0706', '[\"*\"]', NULL, NULL, '2024-06-04 11:18:07', '2024-06-04 11:18:07'),
(48, 'App\\Models\\User', 3, 'authToken', '933493d74dc99447821235538a7d9484f867a3ce93699618645b64b2c29d74df', '[\"*\"]', NULL, NULL, '2024-06-05 02:55:47', '2024-06-05 02:55:47'),
(49, 'App\\Models\\User', 3, 'authToken', '7973f62495f5f405e04d2d3d5218eb85b5092b718deab8c99bd758eb5eb583a9', '[\"*\"]', NULL, NULL, '2024-06-05 02:56:18', '2024-06-05 02:56:18'),
(50, 'App\\Models\\User', 3, 'authToken', '6da0295b9a0b59238e110972f1d285b508372c25fc786d4d7fb779cb74020cbf', '[\"*\"]', NULL, NULL, '2024-06-05 02:58:33', '2024-06-05 02:58:33'),
(51, 'App\\Models\\User', 6, 'authToken', 'd2e2a0db0c29316253ab238a59d09e2f1acea09f1c03398a5f97ab1914ed44dc', '[\"*\"]', NULL, NULL, '2024-06-05 02:58:55', '2024-06-05 02:58:55'),
(52, 'App\\Models\\User', 8, 'authToken', '4c4e054e6f6b729ad60cfbacf4479b49fa4ac374c4cbdf7158d32eb0fe89955d', '[\"*\"]', NULL, NULL, '2024-06-05 02:59:22', '2024-06-05 02:59:22'),
(53, 'App\\Models\\User', 3, 'authToken', '737d131c33d1048160c7d25fa2d28ab64a4f5be70b9eb66ddb82b204daa8dbd8', '[\"*\"]', NULL, NULL, '2024-06-05 03:00:18', '2024-06-05 03:00:18'),
(54, 'App\\Models\\User', 3, 'authToken', '4adf155b6400dd5424df8e8d3a4e298e9692a94a5a197a33b525843283fece36', '[\"*\"]', NULL, NULL, '2024-06-05 03:22:24', '2024-06-05 03:22:24'),
(55, 'App\\Models\\User', 3, 'authToken', 'e6bafae3273c0b2e49ccd9271771beba7aec2e1d5237ce47e537952179ffe10e', '[\"*\"]', NULL, NULL, '2024-06-05 03:24:58', '2024-06-05 03:24:58'),
(56, 'App\\Models\\User', 3, 'authToken', 'faf0e2c52bf4a01abad76ebb7c0be08863a6a5a78eb6e4df355b73c6f663e3a0', '[\"*\"]', NULL, NULL, '2024-06-05 03:32:38', '2024-06-05 03:32:38'),
(57, 'App\\Models\\User', 6, 'authToken', '9c6b56118486394236282f2310e83e24c8149077e022f853ed459c4fcddad032', '[\"*\"]', NULL, NULL, '2024-06-05 03:57:10', '2024-06-05 03:57:10'),
(58, 'App\\Models\\User', 3, 'authToken', '177ac9966e26552c35d5559cbb5c8142645d2dc79bbdc89e1a1435a246506544', '[\"*\"]', NULL, NULL, '2024-06-05 04:08:13', '2024-06-05 04:08:13'),
(59, 'App\\Models\\User', 3, 'authToken', 'fbbc83acddd05af783e0b3225b852408569c8612409899e6462b8b1666a47152', '[\"*\"]', NULL, NULL, '2024-06-05 04:28:50', '2024-06-05 04:28:50'),
(60, 'App\\Models\\User', 6, 'authToken', '76ad0f579ada43efbd123845ad0f3f43feed32222f9e054993e0127d14c8ac2e', '[\"*\"]', NULL, NULL, '2024-06-05 05:05:21', '2024-06-05 05:05:21'),
(61, 'App\\Models\\User', 8, 'authToken', 'd2eb3aa061b89cf6828b82c84df0cf334e6dc6b366f4f03315d898f479d32290', '[\"*\"]', NULL, NULL, '2024-06-05 05:07:19', '2024-06-05 05:07:19'),
(62, 'App\\Models\\User', 3, 'authToken', 'a77dcafac90e77d6ef5cdbdf5d178c7052e863ac2909fbcc30313adb0dbc81bb', '[\"*\"]', NULL, NULL, '2024-06-05 05:09:14', '2024-06-05 05:09:14'),
(63, 'App\\Models\\User', 6, 'authToken', 'f56c04cc02a4fab6876ee69344476fc6da584a6cfb1136f48cb67ceed595f85f', '[\"*\"]', NULL, NULL, '2024-06-05 05:11:40', '2024-06-05 05:11:40'),
(64, 'App\\Models\\User', 3, 'authToken', '7e7588a5e4171c636d8a634421aceacf783b1bfd537681d0f7b6e16ff01062fb', '[\"*\"]', NULL, NULL, '2024-06-05 05:45:01', '2024-06-05 05:45:01'),
(65, 'App\\Models\\User', 3, 'authToken', '650b4cbdc959db942aabe1c00267fc93f438a904098326f4d29c09627e80808a', '[\"*\"]', NULL, NULL, '2024-06-06 04:05:45', '2024-06-06 04:05:45'),
(66, 'App\\Models\\User', 3, 'authToken', '7f2d39a4e127ab56f522807bad7ea428d6541bd4f59e4de3fe9e388febbe8805', '[\"*\"]', NULL, NULL, '2024-06-06 04:05:57', '2024-06-06 04:05:57'),
(67, 'App\\Models\\User', 3, 'authToken', '43ab90f0e86b0c1e50b7faa6188f10353045e4afc0c513f76ceb6680947a6b67', '[\"*\"]', NULL, NULL, '2024-06-06 05:06:36', '2024-06-06 05:06:36'),
(68, 'App\\Models\\User', 3, 'authToken', '92f03cac29b89cc1f13822914650fcdef0037ddc2b120ca395e38cd32d0ee7e3', '[\"*\"]', NULL, NULL, '2024-06-06 06:59:51', '2024-06-06 06:59:51'),
(69, 'App\\Models\\User', 3, 'authToken', 'f8c47e92d2bc33ea897cd62a3becaf9889656e7ab0b63441e41f3aa0e9a47c7d', '[\"*\"]', NULL, NULL, '2024-06-06 07:32:36', '2024-06-06 07:32:36'),
(70, 'App\\Models\\User', 3, 'authToken', 'b05702f18bf6525e0f4ac72ce8e6f73ba6711637e4cde7216d1bc3b545a106f3', '[\"*\"]', NULL, NULL, '2024-06-07 02:01:26', '2024-06-07 02:01:26'),
(71, 'App\\Models\\User', 3, 'authToken', 'dfaabc9d720b476a07e932140030acdc833220b69aa663ab40a97d666e6545e3', '[\"*\"]', NULL, NULL, '2024-06-10 05:58:02', '2024-06-10 05:58:02'),
(72, 'App\\Models\\User', 3, 'authToken', '82368f9111f8f402526699fc4881221ef074f6296e0a704352c88af4552256ef', '[\"*\"]', NULL, NULL, '2024-06-11 03:45:52', '2024-06-11 03:45:52'),
(73, 'App\\Models\\User', 6, 'authToken', 'f964c298ed9786d1010f85ef7055b3296512fa84625fc195b9903a682942794d', '[\"*\"]', NULL, NULL, '2024-06-11 03:46:46', '2024-06-11 03:46:46'),
(74, 'App\\Models\\User', 3, 'authToken', '84f872c27db60177e26f6387d88b887edab9551c2a5ac8492946749e377f4060', '[\"*\"]', '2024-06-19 10:44:55', NULL, '2024-06-12 09:52:33', '2024-06-19 10:44:55'),
(75, 'App\\Models\\User', 3, 'authToken', '08d5d8c0b663999e327298694384c7d95daa4b8eab0a88a530a9c9f8ecd6e792', '[\"*\"]', NULL, NULL, '2024-06-13 02:09:04', '2024-06-13 02:09:04'),
(76, 'App\\Models\\User', 3, 'authToken', '00171bed70df918cb19e2024ca13adb0f1b1f513f817ed990073e2672ab07b1f', '[\"*\"]', NULL, NULL, '2024-06-14 02:10:07', '2024-06-14 02:10:07'),
(77, 'App\\Models\\User', 3, 'authToken', 'e23e29855178f08e15a551175040718b661e93211fa2102c4aa02d4ebdef38bf', '[\"*\"]', '2024-06-14 05:40:20', NULL, '2024-06-14 04:15:19', '2024-06-14 05:40:20'),
(78, 'App\\Models\\User', 3, 'authToken', 'c9d19d6f04fc9f72fbf9a5e0362bafdd9197be91433197f20296684eaa0c06c7', '[\"*\"]', '2024-06-18 04:59:04', NULL, '2024-06-18 02:16:21', '2024-06-18 04:59:04'),
(79, 'App\\Models\\User', 3, 'authToken', '7567c4ae056ef3abd04f69ce46c1b2dc42cbf27548dddc0a9bb053d9b6d1a609', '[\"*\"]', '2024-06-24 06:13:11', NULL, '2024-06-19 10:46:18', '2024-06-24 06:13:11'),
(80, 'App\\Models\\User', 3, 'authToken', '214a595677f305cb8d9a766394b3c509e8bbf82293224a833a07f361bb50cf7e', '[\"*\"]', '2024-08-01 04:38:10', NULL, '2024-06-25 02:24:58', '2024-08-01 04:38:10'),
(81, 'App\\Models\\User', 3, 'authToken', '1ac582e44e9a4f7352be860071931c50c9f6e8274a8096c28245c8622cfdac26', '[\"*\"]', '2024-08-02 04:59:24', NULL, '2024-07-10 03:51:40', '2024-08-02 04:59:24');

-- --------------------------------------------------------

--
-- Table structure for table `publishers`
--

CREATE TABLE `publishers` (
  `id` bigint(20) UNSIGNED NOT NULL,
  `name` varchar(255) NOT NULL,
  `created_at` timestamp NULL DEFAULT NULL,
  `updated_at` timestamp NULL DEFAULT NULL
) ENGINE=InnoDB DEFAULT CHARSET=utf8mb4 COLLATE=utf8mb4_unicode_ci;

--
-- Dumping data for table `publishers`
--

INSERT INTO `publishers` (`id`, `name`, `created_at`, `updated_at`) VALUES
(1, 'KLB', '2023-01-23 09:38:33', '2023-01-23 09:38:33'),
(2, 'OXFORD', '2023-01-23 09:38:59', '2023-01-23 09:38:59'),
(3, 'ACCESS PUBLISHERS', '2023-01-25 09:54:09', '2023-01-25 09:54:09'),
(4, 'LONGHORN PUBLISHERS', '2023-01-27 08:23:25', '2023-01-27 08:23:25'),
(5, 'LONGMAN', '2023-01-27 08:23:46', '2023-01-27 08:23:46'),
(6, 'MORAN PUBLISHERS', '2023-01-27 08:24:07', '2023-01-27 08:24:07'),
(7, 'JKF', '2023-02-03 07:52:33', '2023-02-03 07:52:33'),
(8, 'SPOTLIGHT PUBLISHERS LTD', '2023-02-06 03:10:30', '2023-02-06 03:10:30'),
(9, 'EAEP', '2023-02-07 06:58:36', '2023-02-07 06:58:36'),
(10, 'MACMILLAN KENYA', '2023-02-07 08:36:26', '2023-02-07 08:36:26'),
(11, 'One PLANET', '2023-02-16 01:30:01', '2023-02-16 01:30:01'),
(12, 'MARIMBA PUBLICATIONS LTD', '2023-02-16 03:18:57', '2023-02-16 03:18:57'),
(13, 'JB PUBLISHERS', '2023-02-17 03:08:14', '2023-02-17 03:08:14'),
(14, 'PYRAMID CONSULTANTS LTD', '2023-02-28 03:27:19', '2023-02-28 03:27:19'),
(15, 'STEVECREATIONGRAPHICS(SCG)', '2023-03-15 03:41:09', '2023-03-15 03:41:09'),
(16, 'CLIMAX PUBLISHERS', '2023-03-15 04:19:57', '2023-03-15 04:19:57'),
(18, '--', '2023-03-15 04:30:04', '2023-03-15 04:30:04'),
(19, 'FOCUS PUBLISHERS LTD', '2023-03-21 08:44:27', '2023-03-21 08:44:27'),
(20, 'KNEC', '2023-03-22 04:46:18', '2023-03-22 04:46:18'),
(21, 'VIDE MUWA PUBLISHERS LTD', '2023-03-28 00:02:34', '2023-03-28 00:02:34'),
(22, 'MOUNTAIN TOP EDUCATIONAL PUBLISHERS', '2023-03-29 06:46:19', '2023-03-29 06:46:19'),
(23, 'zion publishers', '2023-05-23 05:01:53', '2023-05-23 05:01:53'),
(24, 'KEN WALIBORA NA SAID A. MOHAMED', '2023-05-23 05:10:31', '2023-05-23 05:10:31'),
(25, 'AFRICAN INK', '2023-06-05 04:52:54', '2023-06-05 04:52:54'),
(26, 'HEINEMANN EDUCATIONAL BOOKS', '2023-06-09 01:09:54', '2023-06-09 01:09:54'),
(27, 'STORYMOJA', '2023-06-12 04:16:53', '2023-06-12 04:16:53'),
(28, 'OXFORD UNIVERSITY PRESS', '2023-06-13 02:54:32', '2023-06-13 02:54:32'),
(29, 'QUEENEX PUBLISHERS LTD', '2023-09-07 01:53:36', '2023-09-07 01:53:36'),
(30, 'CLUSTER EXAMS DPT', '2023-09-18 02:57:08', '2023-09-18 02:57:08'),
(31, 'DOUBLE SHASA LTD', '2023-10-09 04:46:14', '2023-10-09 04:46:14'),
(32, 'TOP GRADE PREDICTOR PUBLISHERS LTD', '2024-01-14 23:31:52', '2024-01-14 23:31:52'),
(33, 'StarShine Students Centre', '2024-01-15 00:02:24', '2024-01-15 00:02:24'),
(34, 'TARGETER EDUCATIONAL PUBLISHERS LTD', '2024-01-15 05:06:13', '2024-01-15 05:06:13'),
(35, 'PHOENIX PUBLISHERS', '2024-03-15 07:00:55', '2024-03-15 07:00:55');

-- --------------------------------------------------------

--
-- Table structure for table `roles`
--

CREATE TABLE `roles` (
  `id` bigint(20) UNSIGNED NOT NULL,
  `name` varchar(255) NOT NULL,
  `guard_name` varchar(255) NOT NULL,
  `created_at` timestamp NULL DEFAULT NULL,
  `updated_at` timestamp NULL DEFAULT NULL
) ENGINE=InnoDB DEFAULT CHARSET=utf8mb4 COLLATE=utf8mb4_unicode_ci;

--
-- Dumping data for table `roles`
--

INSERT INTO `roles` (`id`, `name`, `guard_name`, `created_at`, `updated_at`) VALUES
(1, 'admin', 'web', '2024-05-29 03:50:08', '2024-05-29 03:50:08'),
(2, 'student', 'web', '2024-05-29 03:50:09', '2024-05-29 03:50:09'),
(3, 'instructor', 'web', '2024-05-29 03:50:09', '2024-05-29 03:50:09'),
(4, 'finance', 'web', '2024-05-29 03:50:09', '2024-05-29 03:50:09'),
(5, 'library', 'web', '2024-05-29 03:50:09', '2024-05-29 03:50:09'),
(6, 'guardian', 'web', '2024-05-29 03:50:09', '2024-05-29 03:50:09');

-- --------------------------------------------------------

--
-- Table structure for table `role_has_permissions`
--

CREATE TABLE `role_has_permissions` (
  `permission_id` bigint(20) UNSIGNED NOT NULL,
  `role_id` bigint(20) UNSIGNED NOT NULL
) ENGINE=InnoDB DEFAULT CHARSET=utf8mb4 COLLATE=utf8mb4_unicode_ci;

--
-- Dumping data for table `role_has_permissions`
--

INSERT INTO `role_has_permissions` (`permission_id`, `role_id`) VALUES
(1, 1),
(1, 3),
(2, 1),
(3, 1),
(4, 1),
(5, 1),
(5, 4),
(6, 1),
(6, 4),
(7, 1),
(7, 5),
(8, 1),
(8, 5),
(9, 1),
(10, 1),
(11, 1),
(11, 2),
(11, 3),
(11, 4),
(11, 5),
(11, 6),
(12, 1),
(12, 2),
(12, 3),
(12, 6),
(13, 1),
(13, 3),
(14, 1),
(14, 3),
(15, 1);

-- --------------------------------------------------------

--
-- Table structure for table `sessions`
--

CREATE TABLE `sessions` (
  `id` varchar(255) NOT NULL,
  `user_id` bigint(20) UNSIGNED DEFAULT NULL,
  `ip_address` varchar(45) DEFAULT NULL,
  `user_agent` text DEFAULT NULL,
  `payload` longtext NOT NULL,
  `last_activity` int(11) NOT NULL
) ENGINE=InnoDB DEFAULT CHARSET=utf8mb4 COLLATE=utf8mb4_unicode_ci;

--
-- Dumping data for table `sessions`
--

INSERT INTO `sessions` (`id`, `user_id`, `ip_address`, `user_agent`, `payload`, `last_activity`) VALUES
('1bdoE4ZoENHME0Le7ssuC0ikEMWVpsgSVzZS2QP7', NULL, '127.0.0.1', 'Mozilla/5.0 (Windows NT 10.0; Win64; x64) AppleWebKit/537.36 (KHTML, like Gecko) Chrome/126.0.0.0 Safari/537.36', 'YToyOntzOjY6Il90b2tlbiI7czo0MDoiNDBHcU1IdEVnVzAxUXNzU2pzamE1SjdCR05iWUhnOHdXMFB5WU85TSI7czo2OiJfZmxhc2giO2E6Mjp7czozOiJvbGQiO2E6MDp7fXM6MzoibmV3IjthOjA6e319fQ==', 1721042482),
('1nNFsQXgSsAbczMtyX7MK9LmgjJGDwpBxIVNtYHB', NULL, '127.0.0.1', 'Mozilla/5.0 (Linux; Android 6.0; Nexus 5 Build/MRA58N) AppleWebKit/537.36 (KHTML, like Gecko) Chrome/126.0.0.0 Mobile Safari/537.36', 'YToyOntzOjY6Il90b2tlbiI7czo0MDoiQ1oyQWcyOXQxdllJRmd3S3pKN3lwSm1XQjNGMlZuMkhXQ2dTQVRldyI7czo2OiJfZmxhc2giO2E6Mjp7czozOiJvbGQiO2E6MDp7fXM6MzoibmV3IjthOjA6e319fQ==', 1721046471),
('2k90l0nVPyjXW5kJCO59ZBWBPDE0EtbmYX5Quj9s', NULL, '127.0.0.1', 'Mozilla/5.0 (Linux; Android 6.0; Nexus 5 Build/MRA58N) AppleWebKit/537.36 (KHTML, like Gecko) Chrome/126.0.0.0 Mobile Safari/537.36', 'YToyOntzOjY6Il90b2tlbiI7czo0MDoiNnVzanZ2THZDMHlSSkxINjBJNWNtWUZjQU9rUnFDMEVRTXVBaWg4MSI7czo2OiJfZmxhc2giO2E6Mjp7czozOiJvbGQiO2E6MDp7fXM6MzoibmV3IjthOjA6e319fQ==', 1721043845),
('6bRmg0EYlCUWEIfqNMvDdZ1M6s2Vt4CVMqLTcgsI', NULL, '127.0.0.1', 'Mozilla/5.0 (Windows NT 10.0; Win64; x64) AppleWebKit/537.36 (KHTML, like Gecko) Chrome/126.0.0.0 Safari/537.36', 'YToyOntzOjY6Il90b2tlbiI7czo0MDoiSlRBQmRqOHAzTTdxajZ4ZmNLNTFCbUJyWGVEQ05ibDFrYkhOU1NQeCI7czo2OiJfZmxhc2giO2E6Mjp7czozOiJvbGQiO2E6MDp7fXM6MzoibmV3IjthOjA6e319fQ==', 1721043605),
('8Bj5zUJhPsjmaJXBCRpJAgjnYpv6xkikjXebDMSK', NULL, '127.0.0.1', 'Mozilla/5.0 (Linux; Android 6.0; Nexus 5 Build/MRA58N) AppleWebKit/537.36 (KHTML, like Gecko) Chrome/126.0.0.0 Mobile Safari/537.36', 'YToyOntzOjY6Il90b2tlbiI7czo0MDoidk5IUm8wS2RENEU2a3FZVUtQNHM2RU42bFZnNEpaVElsTVlXZU12TSI7czo2OiJfZmxhc2giO2E6Mjp7czozOiJvbGQiO2E6MDp7fXM6MzoibmV3IjthOjA6e319fQ==', 1721043938),
('ANSrzPaRMZl2J2gThKIYByJgbgRTtSyBSyDCLug9', NULL, '127.0.0.1', 'Mozilla/5.0 (Linux; Android 6.0; Nexus 5 Build/MRA58N) AppleWebKit/537.36 (KHTML, like Gecko) Chrome/126.0.0.0 Mobile Safari/537.36', 'YToyOntzOjY6Il90b2tlbiI7czo0MDoiVVdab3N3SGY4SFQ1UDk4NEFWWHE1ZFZ3a0x0MEFLQkFKVkRyWUlmNyI7czo2OiJfZmxhc2giO2E6Mjp7czozOiJvbGQiO2E6MDp7fXM6MzoibmV3IjthOjA6e319fQ==', 1721045427),
('AsJM544ruyB6EQsbxmBaWna3Q4VMBXPuXlQAbxMq', NULL, '127.0.0.1', 'Mozilla/5.0 (Linux; Android 6.0; Nexus 5 Build/MRA58N) AppleWebKit/537.36 (KHTML, like Gecko) Chrome/126.0.0.0 Mobile Safari/537.36', 'YToyOntzOjY6Il90b2tlbiI7czo0MDoiQTZHYXRiR0xkb29TT3hRcEpOY0dyeDVBbUxSNndHeUdIZHE0RFJocSI7czo2OiJfZmxhc2giO2E6Mjp7czozOiJvbGQiO2E6MDp7fXM6MzoibmV3IjthOjA6e319fQ==', 1721048259),
('bM8Qbi7MZwnPgMfQ1CSPOHZBvkECo1fvZpvZmhCH', NULL, '127.0.0.1', 'Mozilla/5.0 (Linux; Android 6.0; Nexus 5 Build/MRA58N) AppleWebKit/537.36 (KHTML, like Gecko) Chrome/126.0.0.0 Mobile Safari/537.36', 'YToyOntzOjY6Il90b2tlbiI7czo0MDoiNTFDRGxpMTdpbldaMnV1WUdPQzhPdlpyNjNQV2Z4cGdxVU1udTZWUiI7czo2OiJfZmxhc2giO2E6Mjp7czozOiJvbGQiO2E6MDp7fXM6MzoibmV3IjthOjA6e319fQ==', 1721046220),
('C6NEaV5y41tBIOZLplY400wPm44uPrbymn5Eh5Hl', NULL, '127.0.0.1', 'Mozilla/5.0 (Linux; Android 6.0; Nexus 5 Build/MRA58N) AppleWebKit/537.36 (KHTML, like Gecko) Chrome/126.0.0.0 Mobile Safari/537.36', 'YToyOntzOjY6Il90b2tlbiI7czo0MDoiRlZocnF1eUxtZHRVc2xEWHlQaEpERFhCa0Z1VkdUZUQ4ODh4UkQ5NCI7czo2OiJfZmxhc2giO2E6Mjp7czozOiJvbGQiO2E6MDp7fXM6MzoibmV3IjthOjA6e319fQ==', 1721047943),
('CIccjhPs61fMpIZUPx9qfpOYYn4N2JGclpsR4gYu', NULL, '127.0.0.1', 'Mozilla/5.0 (Linux; Android) AppleWebKit/537.36 (KHTML, like Gecko) Chrome/88.0.4324.109 Safari/537.36 CrKey/1.54.248666', 'YTozOntzOjY6Il90b2tlbiI7czo0MDoiWnh1M2xidXhJbDZpcnNsak9pdWhkOHZSMUJWREJkc1BONEFCclZ3eiI7czo5OiJfcHJldmlvdXMiO2E6MTp7czozOiJ1cmwiO3M6NDI6Imh0dHA6Ly9sb2NhbGhvc3Q6ODAwMC9maW5hbmNlL2ZlZS1wYXltZW50cyI7fXM6NjoiX2ZsYXNoIjthOjI6e3M6Mzoib2xkIjthOjA6e31zOjM6Im5ldyI7YTowOnt9fX0=', 1722585563),
('EaHaELyI3L2UcArCj98uefDUNmja5vRylBLw3kIT', NULL, '127.0.0.1', 'Mozilla/5.0 (Windows NT 10.0; Win64; x64) AppleWebKit/537.36 (KHTML, like Gecko) Chrome/127.0.0.0 Safari/537.36', 'YToyOntzOjY6Il90b2tlbiI7czo0MDoiNmk5QlhmbkJtc3FPb1pVcWZnc243TFV5NkI4cmtPTk5SM014ckE2SiI7czo2OiJfZmxhc2giO2E6Mjp7czozOiJvbGQiO2E6MDp7fXM6MzoibmV3IjthOjA6e319fQ==', 1722490379),
('ed3PTG3MVUTXwR2gAJBrnrWKdZb12lYrQRAf6qFr', NULL, '127.0.0.1', 'Mozilla/5.0 (Windows NT 10.0; Win64; x64) AppleWebKit/537.36 (KHTML, like Gecko) Chrome/127.0.0.0 Safari/537.36', 'YToyOntzOjY6Il90b2tlbiI7czo0MDoiYnlqdDFsanlURkZ0Y1NIYWZtQzNzMnNRMXo5cERoUkhsc0NibUFVWCI7czo2OiJfZmxhc2giO2E6Mjp7czozOiJvbGQiO2E6MDp7fXM6MzoibmV3IjthOjA6e319fQ==', 1722490320),
('FnoL7kSJbCC8uPcuwo4Gov2RdZGLpNaBzpQnmUh3', NULL, '127.0.0.1', 'Mozilla/5.0 (Linux; Android 6.0; Nexus 5 Build/MRA58N) AppleWebKit/537.36 (KHTML, like Gecko) Chrome/126.0.0.0 Mobile Safari/537.36', 'YToyOntzOjY6Il90b2tlbiI7czo0MDoiZnRoTlZGc1lGQTh0QkxFRWxiMmZBaTFzNEZJTzRhT2hnUGJhalZreCI7czo2OiJfZmxhc2giO2E6Mjp7czozOiJvbGQiO2E6MDp7fXM6MzoibmV3IjthOjA6e319fQ==', 1721044847),
('gwjRkaucDmzxcenwyuj5YdUu8LHcWtAuYuWYkRtu', NULL, '127.0.0.1', 'Mozilla/5.0 (Windows NT 10.0; Win64; x64) AppleWebKit/537.36 (KHTML, like Gecko) Chrome/126.0.0.0 Safari/537.36', 'YToyOntzOjY6Il90b2tlbiI7czo0MDoiQWxQQ2FFTjFLQzBwWDdjVmhaVHE4V1cwNUExMHVET3FtZlV5YjJUTiI7czo2OiJfZmxhc2giO2E6Mjp7czozOiJvbGQiO2E6MDp7fXM6MzoibmV3IjthOjA6e319fQ==', 1721042549),
('ht49dis0VKjUeYfxUnSPK2v0XhoKONlUJd7BLuFy', NULL, '127.0.0.1', 'Mozilla/5.0 (Linux; Android 6.0; Nexus 5 Build/MRA58N) AppleWebKit/537.36 (KHTML, like Gecko) Chrome/126.0.0.0 Mobile Safari/537.36', 'YToyOntzOjY6Il90b2tlbiI7czo0MDoiMFN6TzFvam9CbVVhaEVEZnFNTERpUmY3OU0zUnVvc2FMV0pJc0poUyI7czo2OiJfZmxhc2giO2E6Mjp7czozOiJvbGQiO2E6MDp7fXM6MzoibmV3IjthOjA6e319fQ==', 1721046582),
('HzKtLHhlp4Lb8hUcQZruwaSAUHmhQj8jgMBrdJ4p', NULL, '127.0.0.1', 'Mozilla/5.0 (Linux; Android 6.0; Nexus 5 Build/MRA58N) AppleWebKit/537.36 (KHTML, like Gecko) Chrome/126.0.0.0 Mobile Safari/537.36', 'YToyOntzOjY6Il90b2tlbiI7czo0MDoiTDVkaXZ0Ukg2SmRnbVh0d01IaHIxM1FMZkJpUDFuVVRKbkpKV0ZucSI7czo2OiJfZmxhc2giO2E6Mjp7czozOiJvbGQiO2E6MDp7fXM6MzoibmV3IjthOjA6e319fQ==', 1721046194),
('IbeC55OooewAfLXb0uIEZ8O9nTBgqsX585sn8pik', NULL, '127.0.0.1', 'Mozilla/5.0 (Linux; Android 6.0; Nexus 5 Build/MRA58N) AppleWebKit/537.36 (KHTML, like Gecko) Chrome/126.0.0.0 Mobile Safari/537.36', 'YToyOntzOjY6Il90b2tlbiI7czo0MDoibVljZk8yejZ0MzB0R1lxMndWU1d4Q05ZSXFsanBoWlhFVWxhamlQNSI7czo2OiJfZmxhc2giO2E6Mjp7czozOiJvbGQiO2E6MDp7fXM6MzoibmV3IjthOjA6e319fQ==', 1721044224),
('iJ2hTk8xKBLjtiUnEVnCvMtN1h5EbIJZbm5V3ijv', NULL, '127.0.0.1', 'Mozilla/5.0 (Windows NT 10.0; Win64; x64) AppleWebKit/537.36 (KHTML, like Gecko) Chrome/126.0.0.0 Safari/537.36', 'YToyOntzOjY6Il90b2tlbiI7czo0MDoialk2M2Mxdmx0YWNaQ2Jzd1NYZmdxZkU3Q2RvN0dQRWJZOEdJSG1DVCI7czo2OiJfZmxhc2giO2E6Mjp7czozOiJvbGQiO2E6MDp7fXM6MzoibmV3IjthOjA6e319fQ==', 1721050427),
('iRMIiEbTX9B8gezTDx1v5qEatcOgR9hyxbdJMHew', NULL, '127.0.0.1', 'Mozilla/5.0 (Linux; Android 6.0; Nexus 5 Build/MRA58N) AppleWebKit/537.36 (KHTML, like Gecko) Chrome/126.0.0.0 Mobile Safari/537.36', 'YToyOntzOjY6Il90b2tlbiI7czo0MDoidURtNTdHSVk4UlJkcVN4b3VEem9LRFVUSDE5eElSQUJ6SnJoWGN3ViI7czo2OiJfZmxhc2giO2E6Mjp7czozOiJvbGQiO2E6MDp7fXM6MzoibmV3IjthOjA6e319fQ==', 1721045327),
('it6zMrZXiy9Si8yCK6fhir0kPtrjBwhqgPRB334X', NULL, '127.0.0.1', 'Mozilla/5.0 (Windows NT 10.0; Win64; x64) AppleWebKit/537.36 (KHTML, like Gecko) Chrome/126.0.0.0 Safari/537.36', 'YToyOntzOjY6Il90b2tlbiI7czo0MDoibExwVXJYdDlxN1Y0NUM3ZWZjbWM4QzQ4NjRUTEtZd3AyNzB1S08xQiI7czo2OiJfZmxhc2giO2E6Mjp7czozOiJvbGQiO2E6MDp7fXM6MzoibmV3IjthOjA6e319fQ==', 1721043466),
('JEyMkfwpBSPfRUd8bi2mHGou1HY0o6lkiHlIAc9O', NULL, '127.0.0.1', 'Mozilla/5.0 (Linux; Android 6.0; Nexus 5 Build/MRA58N) AppleWebKit/537.36 (KHTML, like Gecko) Chrome/126.0.0.0 Mobile Safari/537.36', 'YToyOntzOjY6Il90b2tlbiI7czo0MDoibnBiMXhNbVRWUWp3S2c2akhMTzA1TDlIY1FLcUhURFlBSGw3STExWiI7czo2OiJfZmxhc2giO2E6Mjp7czozOiJvbGQiO2E6MDp7fXM6MzoibmV3IjthOjA6e319fQ==', 1721047046),
('kHc5HUUUoxbFDAUtZWTn9tiu38vG9T0DJnAc4Uvw', NULL, '127.0.0.1', 'Mozilla/5.0 (Linux; Android 6.0; Nexus 5 Build/MRA58N) AppleWebKit/537.36 (KHTML, like Gecko) Chrome/126.0.0.0 Mobile Safari/537.36', 'YToyOntzOjY6Il90b2tlbiI7czo0MDoiSlU4M3pBYjZ6QmpsaGV3enp3dkJFT2NaVTNOTjV5VmZQdk1OZ2VidSI7czo2OiJfZmxhc2giO2E6Mjp7czozOiJvbGQiO2E6MDp7fXM6MzoibmV3IjthOjA6e319fQ==', 1721046843),
('MbysYFLiVr3yXEXqLoeZD0bP2GmouehUsHmkS9by', NULL, '127.0.0.1', 'Mozilla/5.0 (Linux; Android 6.0; Nexus 5 Build/MRA58N) AppleWebKit/537.36 (KHTML, like Gecko) Chrome/126.0.0.0 Mobile Safari/537.36', 'YToyOntzOjY6Il90b2tlbiI7czo0MDoidWx3a2g0V3RpdHZFdEQzVElka25rOTdheUFNMlFZYXViekZqRWtOOSI7czo2OiJfZmxhc2giO2E6Mjp7czozOiJvbGQiO2E6MDp7fXM6MzoibmV3IjthOjA6e319fQ==', 1721046438),
('nl9tLxHaTSlBSjU3zr7Jz3NVlfEAc0kCNbAdugyo', NULL, '127.0.0.1', 'Mozilla/5.0 (Linux; Android 6.0; Nexus 5 Build/MRA58N) AppleWebKit/537.36 (KHTML, like Gecko) Chrome/126.0.0.0 Mobile Safari/537.36', 'YToyOntzOjY6Il90b2tlbiI7czo0MDoieTlFMDlEUW9qeHVYWUp3Q0MwZzZGb1RhV1FOMjQ1czZZMTVLUkw1dCI7czo2OiJfZmxhc2giO2E6Mjp7czozOiJvbGQiO2E6MDp7fXM6MzoibmV3IjthOjA6e319fQ==', 1721044484),
('NSLAUXHIFrS6mF2u0NheZBWQYPJ1AIjewXZrMd71', NULL, '127.0.0.1', 'Mozilla/5.0 (Linux; Android 6.0; Nexus 5 Build/MRA58N) AppleWebKit/537.36 (KHTML, like Gecko) Chrome/126.0.0.0 Mobile Safari/537.36', 'YToyOntzOjY6Il90b2tlbiI7czo0MDoid0hqaVdWQTBFaVJVWUgxUlQwV1ZJbUhnVFJwTDVveXhyMDlSQktGMSI7czo2OiJfZmxhc2giO2E6Mjp7czozOiJvbGQiO2E6MDp7fXM6MzoibmV3IjthOjA6e319fQ==', 1721048291),
('Ny298HZPklkxJAkmNmnx8X9VdVOW47vLQVtmSmQp', NULL, '127.0.0.1', 'Mozilla/5.0 (Linux; Android 6.0; Nexus 5 Build/MRA58N) AppleWebKit/537.36 (KHTML, like Gecko) Chrome/126.0.0.0 Mobile Safari/537.36', 'YToyOntzOjY6Il90b2tlbiI7czo0MDoiM3dXTUdvRlkzeEl3blJCM1M2bTFQTGFCZU1PVkZ4ZXlVNVVMcU9wZyI7czo2OiJfZmxhc2giO2E6Mjp7czozOiJvbGQiO2E6MDp7fXM6MzoibmV3IjthOjA6e319fQ==', 1721044300),
('obqpu8ZUhC7obZrKgriIGmhkdJBtDHVVJ5uj25r6', NULL, '127.0.0.1', 'Mozilla/5.0 (Linux; Android 6.0; Nexus 5 Build/MRA58N) AppleWebKit/537.36 (KHTML, like Gecko) Chrome/126.0.0.0 Mobile Safari/537.36', 'YToyOntzOjY6Il90b2tlbiI7czo0MDoibFJQODZvZkFLNzNNQVAzWDNNakNFdEpJYmZJZ2ZOblVtbVBtT2JhdSI7czo2OiJfZmxhc2giO2E6Mjp7czozOiJvbGQiO2E6MDp7fXM6MzoibmV3IjthOjA6e319fQ==', 1721045219),
('oPrqSdDruN4jG99z0rqu78NUpxVyY1VJ9Ko2Nszn', NULL, '127.0.0.1', 'Mozilla/5.0 (Windows NT 10.0; Win64; x64) AppleWebKit/537.36 (KHTML, like Gecko) Chrome/126.0.0.0 Safari/537.36', 'YToyOntzOjY6Il90b2tlbiI7czo0MDoiakxTVHVxSW5xbk1TR0JIeEUyUGl2dW5RVFNuMXZCNWlOZVEzVHk0MyI7czo2OiJfZmxhc2giO2E6Mjp7czozOiJvbGQiO2E6MDp7fXM6MzoibmV3IjthOjA6e319fQ==', 1721043394),
('Q85Dqdl13FaIk8gTnwZrZWNubO2CWRw55QR62NdJ', NULL, '127.0.0.1', 'Mozilla/5.0 (Linux; Android) AppleWebKit/537.36 (KHTML, like Gecko) Chrome/88.0.4324.109 Safari/537.36 CrKey/1.54.248666', 'YTozOntzOjY6Il90b2tlbiI7czo0MDoiSFdwMkhUR2s3ME9CdzgxTzNJSGpsMG1aQlhOcVhFVkgxMFlXWmdJcSI7czo5OiJfcHJldmlvdXMiO2E6MTp7czozOiJ1cmwiO3M6NDE6Imh0dHA6Ly8xMjcuMC4wLjE6ODAwMC9maW5hbmNlL2ZlZS1tYW5hZ2VyIjt9czo2OiJfZmxhc2giO2E6Mjp7czozOiJvbGQiO2E6MDp7fXM6MzoibmV3IjthOjA6e319fQ==', 1722497802),
('s5t94J4OPJa8JyMezTv8tdanwbdtbBRyhtSi2mm6', NULL, '127.0.0.1', 'Mozilla/5.0 (Linux; Android 6.0; Nexus 5 Build/MRA58N) AppleWebKit/537.36 (KHTML, like Gecko) Chrome/126.0.0.0 Mobile Safari/537.36', 'YToyOntzOjY6Il90b2tlbiI7czo0MDoiUXM3aGZYRzdHaHZIZWdQZVNuM1lKclJ3Uko1V1pmemF1M2d4MlF6SCI7czo2OiJfZmxhc2giO2E6Mjp7czozOiJvbGQiO2E6MDp7fXM6MzoibmV3IjthOjA6e319fQ==', 1721045539),
('TBnd6n2Z8QWu5vBh5aKGlpva7FpIpsbmHVJs5Gwq', NULL, '127.0.0.1', 'Mozilla/5.0 (Linux; Android 6.0; Nexus 5 Build/MRA58N) AppleWebKit/537.36 (KHTML, like Gecko) Chrome/126.0.0.0 Mobile Safari/537.36', 'YToyOntzOjY6Il90b2tlbiI7czo0MDoiMFM5a1l1ejFWNEtCNUc5Zk5Cemt0N1pDS3lwdzFSdlhuWWdKb09DSCI7czo2OiJfZmxhc2giO2E6Mjp7czozOiJvbGQiO2E6MDp7fXM6MzoibmV3IjthOjA6e319fQ==', 1721046433),
('tFFTHLiGnMatxDPrxnXsAsdXnxEYJ76hjUq0oRDh', NULL, '127.0.0.1', 'Mozilla/5.0 (Linux; Android 6.0; Nexus 5 Build/MRA58N) AppleWebKit/537.36 (KHTML, like Gecko) Chrome/126.0.0.0 Mobile Safari/537.36', 'YToyOntzOjY6Il90b2tlbiI7czo0MDoiblR5MlM1WE9tdWNKSVdXNndZdFZXSGhnd1oyWW5BVFdpSDhNT1NIbiI7czo2OiJfZmxhc2giO2E6Mjp7czozOiJvbGQiO2E6MDp7fXM6MzoibmV3IjthOjA6e319fQ==', 1721048487),
('uEfViOnaM4LMOovQwaNTeoyWgeio6qF6FAXWuYpH', NULL, '127.0.0.1', 'Mozilla/5.0 (Windows NT 10.0; Win64; x64) AppleWebKit/537.36 (KHTML, like Gecko) Chrome/126.0.0.0 Safari/537.36', 'YToyOntzOjY6Il90b2tlbiI7czo0MDoiTUFKRkNoOGw2QXczNFNpVTFNb3hBOXlKUWxTa2xBSEZEYXhNRkowcCI7czo2OiJfZmxhc2giO2E6Mjp7czozOiJvbGQiO2E6MDp7fXM6MzoibmV3IjthOjA6e319fQ==', 1721050051),
('Uo9o3cgaAhZzVbgKKVZ1Hp2wLxmMUw8tWq94liyx', NULL, '127.0.0.1', 'Mozilla/5.0 (Linux; Android 6.0; Nexus 5 Build/MRA58N) AppleWebKit/537.36 (KHTML, like Gecko) Chrome/126.0.0.0 Mobile Safari/537.36', 'YToyOntzOjY6Il90b2tlbiI7czo0MDoid0dBcmtObENOMmZVMTJzejFJQzhVNDV1U0JTNEEwajlyTUNKdnJociI7czo2OiJfZmxhc2giO2E6Mjp7czozOiJvbGQiO2E6MDp7fXM6MzoibmV3IjthOjA6e319fQ==', 1721047057),
('VJNGzxMyW1SvfnPasE8eCkOV5jmNOcLSSXTrYCLU', NULL, '127.0.0.1', 'Mozilla/5.0 (Windows NT 10.0; Win64; x64) AppleWebKit/537.36 (KHTML, like Gecko) Chrome/126.0.0.0 Safari/537.36', 'YToyOntzOjY6Il90b2tlbiI7czo0MDoiTkxTcmtGcnoxMWc1cTFnaFJOanRhWHIwWHhBTnlOM21LRkpQamc2YiI7czo2OiJfZmxhc2giO2E6Mjp7czozOiJvbGQiO2E6MDp7fXM6MzoibmV3IjthOjA6e319fQ==', 1721043399),
('vror3PSKjItKhqqKmyAqezlV9nNU4QdLNNRzP145', NULL, '127.0.0.1', 'Mozilla/5.0 (Linux; Android 6.0; Nexus 5 Build/MRA58N) AppleWebKit/537.36 (KHTML, like Gecko) Chrome/126.0.0.0 Mobile Safari/537.36', 'YToyOntzOjY6Il90b2tlbiI7czo0MDoic3IxVnNkTGNFSWtMeFEzWUxpNEtxbzM0VktmNHQ3Wm9Td0ZrZmUwQiI7czo2OiJfZmxhc2giO2E6Mjp7czozOiJvbGQiO2E6MDp7fXM6MzoibmV3IjthOjA6e319fQ==', 1721044590),
('Vs20nn1aeG3yuq8Ng4euHXMAumbL28GLyjy8nVGD', NULL, '127.0.0.1', 'Mozilla/5.0 (Linux; Android 6.0; Nexus 5 Build/MRA58N) AppleWebKit/537.36 (KHTML, like Gecko) Chrome/126.0.0.0 Mobile Safari/537.36', 'YToyOntzOjY6Il90b2tlbiI7czo0MDoiSVpjVm1aNmVSRlBTTzg2TWl2bmJJV2h0ekR5QlhjRXVUY2NMUWROYyI7czo2OiJfZmxhc2giO2E6Mjp7czozOiJvbGQiO2E6MDp7fXM6MzoibmV3IjthOjA6e319fQ==', 1721046890),
('XArIF54a7xsIDTbDcd6KaYEG35YMYqSEe2PYUBNd', NULL, '127.0.0.1', 'Mozilla/5.0 (Windows NT 10.0; Win64; x64) AppleWebKit/537.36 (KHTML, like Gecko) Chrome/126.0.0.0 Safari/537.36', 'YTozOntzOjY6Il90b2tlbiI7czo0MDoieTRNMFRYcUtYTUlSb0FaMUcycHY0UU83V2dHVEV5OGNUcHcxR29lUyI7czo5OiJfcHJldmlvdXMiO2E6MTp7czozOiJ1cmwiO3M6Mzk6Imh0dHA6Ly8xMjcuMC4wLjE6ODAwMC9saWJyYXJ5L2FsbF9ib29rcyI7fXM6NjoiX2ZsYXNoIjthOjI6e3M6Mzoib2xkIjthOjA6e31zOjM6Im5ldyI7YTowOnt9fX0=', 1721050426),
('XiFR59dpULUrY6rzdubqNcHgylZP813eKnaUciA6', NULL, '127.0.0.1', 'Mozilla/5.0 (Linux; Android 6.0; Nexus 5 Build/MRA58N) AppleWebKit/537.36 (KHTML, like Gecko) Chrome/126.0.0.0 Mobile Safari/537.36', 'YToyOntzOjY6Il90b2tlbiI7czo0MDoiaTN1N0pTbm5NQ0xmV2dycXQwWGU0b3VaNG5WeFpQSUhxRElpbHZ1ZiI7czo2OiJfZmxhc2giO2E6Mjp7czozOiJvbGQiO2E6MDp7fXM6MzoibmV3IjthOjA6e319fQ==', 1721047043),
('XMiiApSve00PaCLfjkFHlI9uhrOrsCKUrcTeKQEt', NULL, '127.0.0.1', 'Mozilla/5.0 (Linux; Android 6.0; Nexus 5 Build/MRA58N) AppleWebKit/537.36 (KHTML, like Gecko) Chrome/126.0.0.0 Mobile Safari/537.36', 'YToyOntzOjY6Il90b2tlbiI7czo0MDoiZzNwUTNJU3hBMFR0MmtkejlFRDQ5Y0psaW1lbmY5VmdFRmVXNUJ5MiI7czo2OiJfZmxhc2giO2E6Mjp7czozOiJvbGQiO2E6MDp7fXM6MzoibmV3IjthOjA6e319fQ==', 1721045235),
('zRGP1R2TqNgFbMeCssn2zZNFeQbScF46bNhYvI6Q', NULL, '127.0.0.1', 'Mozilla/5.0 (Linux; Android 6.0; Nexus 5 Build/MRA58N) AppleWebKit/537.36 (KHTML, like Gecko) Chrome/126.0.0.0 Mobile Safari/537.36', 'YToyOntzOjY6Il90b2tlbiI7czo0MDoiOWxnUHFYMUhpMUR1amhWbmYxSE0xY2FGaERYMHY2bmowYWVzQU5sYSI7czo2OiJfZmxhc2giO2E6Mjp7czozOiJvbGQiO2E6MDp7fXM6MzoibmV3IjthOjA6e319fQ==', 1721044680);

-- --------------------------------------------------------

--
-- Table structure for table `staff`
--

CREATE TABLE `staff` (
  `id` bigint(20) UNSIGNED NOT NULL,
  `employeeno` varchar(255) NOT NULL,
  `title` varchar(255) DEFAULT NULL,
  `name` varchar(255) NOT NULL,
  `phone` varchar(255) DEFAULT NULL,
  `created_at` timestamp NULL DEFAULT NULL,
  `updated_at` timestamp NULL DEFAULT NULL
) ENGINE=InnoDB DEFAULT CHARSET=utf8mb4 COLLATE=utf8mb4_unicode_ci;

--
-- Dumping data for table `staff`
--

INSERT INTO `staff` (`id`, `employeeno`, `title`, `name`, `phone`, `created_at`, `updated_at`) VALUES
(1, '1', NULL, 'MR.MUTHUSI', '0722691643', '2023-05-28 23:29:12', '2023-05-28 23:29:12'),
(2, '2', NULL, 'MR.NDANI', '0725852459', '2023-05-28 23:31:08', '2023-05-28 23:31:08'),
(3, '3', NULL, 'MR.KIVUU', '0729069292', '2023-05-28 23:32:31', '2023-05-28 23:32:31'),
(4, '4', NULL, 'MR.MUSEMBI', '0729859082', '2023-05-28 23:33:31', '2023-05-28 23:33:31'),
(5, '5', NULL, 'MR.NYAMAI', '0711776645', '2023-05-28 23:35:47', '2023-05-28 23:35:47'),
(6, '06', NULL, 'MR.LANDA', '0741136458', '2023-05-28 23:36:54', '2023-05-28 23:36:54'),
(7, '7', NULL, 'MD.KAIO', '0725215820', '2023-05-28 23:38:00', '2023-05-28 23:38:00'),
(8, '8', NULL, 'MR.NZUKI', '0715652911', '2023-05-28 23:38:43', '2023-05-28 23:38:43'),
(9, '09', NULL, 'MR.MUSINGA', '0729815623', '2023-05-28 23:39:40', '2023-05-28 23:39:40'),
(10, '10', NULL, 'MR.MUTHAMI', '0717975421', '2023-05-28 23:40:56', '2023-05-28 23:40:56'),
(11, '11', NULL, 'MR.MWANZAU', '0757702131', '2023-05-28 23:41:48', '2023-05-28 23:41:48'),
(12, '12', NULL, 'MR.MULI', '0726000286', '2023-05-28 23:42:25', '2023-05-28 23:42:25'),
(13, '13', NULL, 'MR.MUTUA', '0741728661', '2023-05-28 23:43:14', '2023-05-28 23:43:14'),
(14, '14', NULL, 'MR.MUTUKU', '0711120078', '2023-05-28 23:43:50', '2023-05-28 23:43:50'),
(15, '15', NULL, 'MR.SIMON', '0722246568', '2023-05-28 23:45:02', '2023-05-28 23:45:02'),
(16, '16', NULL, 'MR.MWAMBU', '0707303277', '2023-05-28 23:46:06', '2023-05-28 23:46:06'),
(17, '17', NULL, 'MR.KIAMBA', '0729057368', '2023-05-28 23:47:22', '2023-05-28 23:47:22'),
(18, '18', NULL, 'MR.KIMATU', '0721402064', '2023-05-28 23:47:51', '2023-05-28 23:47:51'),
(19, '19', NULL, 'MR.KIEMA', '0725950806', '2023-05-28 23:48:46', '2023-05-28 23:48:46'),
(20, '20', NULL, 'MR.KILONZO', '0748928274', '2023-05-28 23:49:31', '2023-05-28 23:49:31'),
(21, '21', NULL, 'MR.MBUVI', '0706443471', '2023-05-28 23:50:08', '2023-05-28 23:50:08'),
(22, '22', NULL, 'MD.MULANDI', '0708339514', '2023-05-28 23:50:48', '2023-05-28 23:50:48'),
(23, '23', NULL, 'MR.MUEKE', '0716250507', '2023-05-28 23:51:50', '2023-05-28 23:51:50'),
(24, '24', NULL, 'MD.MUTINDA', '0723776738', '2023-05-28 23:52:40', '2023-05-28 23:52:40'),
(25, '25', NULL, 'MR.SAMSON', '0795359604', '2023-05-28 23:53:40', '2023-05-28 23:53:40'),
(26, '26', NULL, 'MR.MUTHENYA', '0712785548', '2023-05-28 23:56:13', '2023-05-28 23:56:13'),
(27, '27', NULL, 'MR.KITHEKA', '0112337254', '2023-05-28 23:57:08', '2023-05-28 23:57:08'),
(28, '28', NULL, 'MR.WAMBUA', '0728818513', '2023-05-28 23:57:55', '2023-05-28 23:57:55'),
(29, '29', NULL, 'MD.MUTILA', '0740537271', '2023-05-28 23:58:36', '2023-05-28 23:58:36'),
(30, '30', NULL, 'MR.KALUMU', '0798707172', '2023-05-28 23:59:25', '2023-05-28 23:59:25'),
(31, '31', NULL, 'MR.TITUS', '0714325823', '2023-05-29 00:00:20', '2023-05-29 00:00:20'),
(32, '32', NULL, 'MR.MALIMBI', '0729936038', '2023-05-29 00:01:10', '2023-05-29 00:01:10'),
(33, '33', NULL, 'MR.MBOYA', '0708041240', '2023-05-29 00:01:58', '2023-05-29 00:01:58'),
(34, '34', NULL, 'MD.MAKAU', '0705965273', '2023-05-29 00:02:46', '2023-05-29 00:02:46'),
(35, '35', NULL, 'MR.MUSEE', '0727760040', '2023-05-29 00:03:20', '2023-05-29 00:03:20'),
(37, '37', NULL, 'MR.UKASU', '0713604080', '2023-05-29 00:05:43', '2023-05-29 00:05:43'),
(38, '36', NULL, 'MD.MWALUKO', '0703742803', '2023-05-29 00:08:08', '2023-05-29 00:08:08'),
(39, '38', NULL, 'MR.WANDERA', '0741733875', '2023-05-29 00:09:24', '2023-05-29 00:09:24'),
(40, '39', NULL, 'MR.MULEI', '0719598603', '2023-05-29 00:10:07', '2023-05-29 00:10:07'),
(41, '40', NULL, 'MR.NDEGE', '0746389176', '2023-05-29 00:10:48', '2023-05-29 00:10:48'),
(42, '41', NULL, 'MD.MUEMA', '0705376605', '2023-05-29 00:11:46', '2023-05-29 00:11:46'),
(43, '42', NULL, 'MD.JOSHUA', '0712399441', '2023-05-29 00:13:04', '2023-05-29 00:13:04'),
(44, '43', NULL, 'MD.CYRUS', '0727380806', '2023-05-29 00:13:52', '2023-05-29 00:13:52'),
(45, '44', NULL, 'MR.MWANGANGI', '0710374348', '2023-05-29 00:14:48', '2023-05-29 00:14:48'),
(46, '45', NULL, 'MR.SILA', '0712577312', '2023-05-29 00:15:19', '2023-05-29 00:15:19');

-- --------------------------------------------------------

--
-- Table structure for table `students`
--

CREATE TABLE `students` (
  `id` int(11) NOT NULL,
  `first_name` varchar(255) NOT NULL,
  `second_name` varchar(255) NOT NULL,
  `guardian_email` varchar(255) NOT NULL,
  `phone` varchar(255) NOT NULL,
  `dormitory` varchar(255) NOT NULL,
  `photo` varchar(255) DEFAULT NULL,
  `gender` enum('Male','Female','Other') NOT NULL,
  `date_of_birth` date NOT NULL,
  `class_id` int(11) NOT NULL,
  `admission` varchar(255) NOT NULL,
  `created_at` timestamp NOT NULL DEFAULT current_timestamp(),
  `updated_at` timestamp NOT NULL DEFAULT current_timestamp() ON UPDATE current_timestamp()
) ENGINE=InnoDB DEFAULT CHARSET=utf8mb4 COLLATE=utf8mb4_general_ci;

--
-- Dumping data for table `students`
--

INSERT INTO `students` (`id`, `first_name`, `second_name`, `guardian_email`, `phone`, `dormitory`, `photo`, `gender`, `date_of_birth`, `class_id`, `admission`, `created_at`, `updated_at`) VALUES
(1, 'Cecile', 'Virginia Powlowski', 'your.email+fakedata22433@gmail.com', '824-553-3006', 'Gage Streich', 'students/Ae1ZRyf97xhiJyT0tADMGXtMSWyG5qYDI1br1MKQ.png', 'Female', '2024-09-05', 3, '363', '2024-06-14 05:19:38', '2024-06-14 05:19:38'),
(9, 'Lavern', 'Erick D\'Amore', 'your.email+fakedata17024@gmail.com', '800-092-3599', 'Amara Padberg', 'students/9lSZFxFVyNOYCT0r1xO4qOvfnUNFQW8F7ylmtj7H.png', 'Female', '2024-06-14', 1, '591', '2024-06-14 09:36:55', '2024-06-14 09:36:55'),
(10, 'Hazle', 'Leonie Ebert', 'your.email+fakedata67452@gmail.com', '102-117-1109', 'Laron Towne', 'students/AQy4MVQU8nrJUOBEktg9TS28xEWUw6OAh0s2tKog.png', 'Male', '2024-09-12', 1, '627', '2024-06-14 10:08:41', '2024-06-14 10:08:41');

-- --------------------------------------------------------

--
-- Table structure for table `student_fees`
--

CREATE TABLE `student_fees` (
  `id` int(11) NOT NULL,
  `student_id` int(11) NOT NULL,
  `level_id` int(11) NOT NULL,
  `total_fee` decimal(10,2) NOT NULL,
  `balance` decimal(10,2) NOT NULL,
  `created_at` timestamp NOT NULL DEFAULT current_timestamp(),
  `updated_at` timestamp NOT NULL DEFAULT current_timestamp() ON UPDATE current_timestamp()
) ENGINE=InnoDB DEFAULT CHARSET=utf8mb4 COLLATE=utf8mb4_general_ci;

-- --------------------------------------------------------

--
-- Table structure for table `subjects`
--

CREATE TABLE `subjects` (
  `id` bigint(20) UNSIGNED NOT NULL,
  `name` varchar(255) NOT NULL,
  `created_at` timestamp NULL DEFAULT NULL,
  `updated_at` timestamp NULL DEFAULT NULL
) ENGINE=InnoDB DEFAULT CHARSET=utf8mb4 COLLATE=utf8mb4_unicode_ci;

--
-- Dumping data for table `subjects`
--

INSERT INTO `subjects` (`id`, `name`, `created_at`, `updated_at`) VALUES
(0, 'BIOLOGY', '2023-01-22 08:32:27', '2023-01-22 08:32:27'),
(1, 'MATHEMATICS', '2023-01-22 08:29:12', '2023-01-22 08:29:12'),
(2, 'CRE', '2023-01-22 08:29:48', '2023-01-22 08:29:48'),
(3, 'ENGLISH', '2023-01-22 08:30:03', '2023-01-22 08:30:03'),
(4, 'KISWAHILI', '2023-01-22 08:30:22', '2023-01-22 08:30:22'),
(5, 'HISTORY', '2023-01-22 08:30:41', '2023-01-22 08:30:41'),
(6, 'GEOGRAPHY', '2023-01-22 08:30:59', '2023-01-22 08:30:59'),
(7, 'BUSINESS', '2023-01-22 08:31:19', '2023-01-22 08:31:19'),
(8, 'CHEMISTRY', '2023-01-22 08:31:52', '2023-01-22 08:31:52'),
(9, 'PHYSICS', '2023-01-22 08:32:08', '2023-01-22 08:32:08'),
(10, 'AGRICULTURE', '2023-01-22 11:36:47', '2023-01-22 11:36:47'),
(22, 'TEACHER\'S GUIDE BOOKS', '2023-01-25 02:40:04', '2023-01-27 01:57:39'),
(23, 'FASIHI', '2023-01-25 09:35:57', '2023-01-25 09:35:57'),
(24, 'LITERATURE', '2023-01-25 09:36:14', '2023-01-25 09:36:14'),
(25, 'COMPUTER STUDIES', '2023-01-27 01:58:32', '2023-01-27 01:58:32'),
(26, 'REFERENCE BOOKS', '2023-01-31 07:30:43', '2023-01-31 07:30:43');

-- --------------------------------------------------------

--
-- Table structure for table `users`
--

CREATE TABLE `users` (
  `id` bigint(20) UNSIGNED NOT NULL,
  `name` varchar(255) NOT NULL,
  `email` varchar(255) NOT NULL,
  `email_verified_at` timestamp NULL DEFAULT NULL,
  `password` varchar(255) NOT NULL,
  `remember_token` varchar(100) DEFAULT NULL,
  `created_at` timestamp NULL DEFAULT NULL,
  `updated_at` timestamp NULL DEFAULT NULL
) ENGINE=InnoDB DEFAULT CHARSET=utf8mb4 COLLATE=utf8mb4_unicode_ci;

--
-- Dumping data for table `users`
--

INSERT INTO `users` (`id`, `name`, `email`, `email_verified_at`, `password`, `remember_token`, `created_at`, `updated_at`) VALUES
(3, 'Admin User', 'admin@gmail.com', NULL, '$2y$12$86moan3di.VIgcLQDyrM7.MWqCre91oFZ8fF4PP1EuNfcj88ts5ii', NULL, '2024-05-29 04:25:50', '2024-05-29 04:25:50'),
(5, 'Instructor User', 'instructor@gmail.com', NULL, '$2y$12$QN0FiC82Wcm.1/pq4BF1Y.GzBVFA9PUKW5q6WSt03LmJA37ep9FC2', NULL, '2024-05-29 04:25:50', '2024-05-29 04:25:50'),
(6, 'Finance User', 'finance@gmail.com', NULL, '$2y$12$KHG0VawsFhHwtRClHGv/je1CLunFjSYeDIodbAhjfxf9a8UVAL.iq', NULL, '2024-05-29 04:25:51', '2024-05-29 04:25:51'),
(7, 'Library User', 'library@gmail.com', NULL, '$2y$12$/1hCLMiznpNU4XOrE2QYyuuBYF9aNC4gWGa8IXzUrnOj1ixYmz28e', NULL, '2024-05-29 04:25:51', '2024-05-29 04:25:51'),
(8, 'Guardian User', 'guardian@gmail.com', NULL, '$2y$12$7kC78Li3hSvCffawtQB3euLyIkJzXZzZEuyKUXP/9EVN.W3R72N4i', NULL, '2024-05-29 04:25:51', '2024-05-29 04:25:51');

--
-- Indexes for dumped tables
--

--
-- Indexes for table `cache`
--
ALTER TABLE `cache`
  ADD PRIMARY KEY (`key`);

--
-- Indexes for table `cache_locks`
--
ALTER TABLE `cache_locks`
  ADD PRIMARY KEY (`key`);

--
-- Indexes for table `classes`
--
ALTER TABLE `classes`
  ADD PRIMARY KEY (`id`);

--
-- Indexes for table `failed_jobs`
--
ALTER TABLE `failed_jobs`
  ADD PRIMARY KEY (`id`),
  ADD UNIQUE KEY `failed_jobs_uuid_unique` (`uuid`);

--
-- Indexes for table `fee_details`
--
ALTER TABLE `fee_details`
  ADD PRIMARY KEY (`id`),
  ADD KEY `fee_structure_id` (`fee_structure_id`);

--
-- Indexes for table `fee_payments`
--
ALTER TABLE `fee_payments`
  ADD PRIMARY KEY (`id`),
  ADD KEY `student_id` (`student_id`);

--
-- Indexes for table `fee_structures`
--
ALTER TABLE `fee_structures`
  ADD PRIMARY KEY (`id`);

--
-- Indexes for table `guardians`
--
ALTER TABLE `guardians`
  ADD PRIMARY KEY (`id`),
  ADD UNIQUE KEY `phone` (`phone`),
  ADD UNIQUE KEY `email` (`email`);

--
-- Indexes for table `hostels`
--
ALTER TABLE `hostels`
  ADD PRIMARY KEY (`id`);

--
-- Indexes for table `jobs`
--
ALTER TABLE `jobs`
  ADD PRIMARY KEY (`id`),
  ADD KEY `jobs_queue_index` (`queue`);

--
-- Indexes for table `job_batches`
--
ALTER TABLE `job_batches`
  ADD PRIMARY KEY (`id`);

--
-- Indexes for table `migrations`
--
ALTER TABLE `migrations`
  ADD PRIMARY KEY (`id`);

--
-- Indexes for table `model_has_permissions`
--
ALTER TABLE `model_has_permissions`
  ADD PRIMARY KEY (`permission_id`,`model_id`,`model_type`),
  ADD KEY `model_has_permissions_model_id_model_type_index` (`model_id`,`model_type`);

--
-- Indexes for table `model_has_roles`
--
ALTER TABLE `model_has_roles`
  ADD PRIMARY KEY (`role_id`,`model_id`,`model_type`),
  ADD KEY `model_has_roles_model_id_model_type_index` (`model_id`,`model_type`);

--
-- Indexes for table `password_reset_tokens`
--
ALTER TABLE `password_reset_tokens`
  ADD PRIMARY KEY (`email`);

--
-- Indexes for table `permissions`
--
ALTER TABLE `permissions`
  ADD PRIMARY KEY (`id`),
  ADD UNIQUE KEY `permissions_name_guard_name_unique` (`name`,`guard_name`);

--
-- Indexes for table `personal_access_tokens`
--
ALTER TABLE `personal_access_tokens`
  ADD PRIMARY KEY (`id`),
  ADD UNIQUE KEY `personal_access_tokens_token_unique` (`token`),
  ADD KEY `personal_access_tokens_tokenable_type_tokenable_id_index` (`tokenable_type`,`tokenable_id`);

--
-- Indexes for table `roles`
--
ALTER TABLE `roles`
  ADD PRIMARY KEY (`id`),
  ADD UNIQUE KEY `roles_name_guard_name_unique` (`name`,`guard_name`);

--
-- Indexes for table `role_has_permissions`
--
ALTER TABLE `role_has_permissions`
  ADD PRIMARY KEY (`permission_id`,`role_id`),
  ADD KEY `role_has_permissions_role_id_foreign` (`role_id`);

--
-- Indexes for table `sessions`
--
ALTER TABLE `sessions`
  ADD PRIMARY KEY (`id`),
  ADD KEY `sessions_user_id_index` (`user_id`),
  ADD KEY `sessions_last_activity_index` (`last_activity`);

--
-- Indexes for table `students`
--
ALTER TABLE `students`
  ADD PRIMARY KEY (`id`),
  ADD UNIQUE KEY `guardian_email` (`guardian_email`),
  ADD UNIQUE KEY `unique_admission` (`admission`);

--
-- Indexes for table `student_fees`
--
ALTER TABLE `student_fees`
  ADD PRIMARY KEY (`id`),
  ADD KEY `student_id` (`student_id`),
  ADD KEY `level_id` (`level_id`);

--
-- Indexes for table `users`
--
ALTER TABLE `users`
  ADD PRIMARY KEY (`id`),
  ADD UNIQUE KEY `users_email_unique` (`email`);

--
-- AUTO_INCREMENT for dumped tables
--

--
-- AUTO_INCREMENT for table `classes`
--
ALTER TABLE `classes`
  MODIFY `id` int(11) NOT NULL AUTO_INCREMENT;

--
-- AUTO_INCREMENT for table `failed_jobs`
--
ALTER TABLE `failed_jobs`
  MODIFY `id` bigint(20) UNSIGNED NOT NULL AUTO_INCREMENT;

--
-- AUTO_INCREMENT for table `fee_details`
--
ALTER TABLE `fee_details`
  MODIFY `id` int(11) NOT NULL AUTO_INCREMENT;

--
-- AUTO_INCREMENT for table `fee_payments`
--
ALTER TABLE `fee_payments`
  MODIFY `id` int(11) NOT NULL AUTO_INCREMENT;

--
-- AUTO_INCREMENT for table `fee_structures`
--
ALTER TABLE `fee_structures`
  MODIFY `id` int(11) NOT NULL AUTO_INCREMENT;

--
-- AUTO_INCREMENT for table `guardians`
--
ALTER TABLE `guardians`
  MODIFY `id` int(11) NOT NULL AUTO_INCREMENT;

--
-- AUTO_INCREMENT for table `hostels`
--
ALTER TABLE `hostels`
  MODIFY `id` int(10) UNSIGNED NOT NULL AUTO_INCREMENT, AUTO_INCREMENT=45;

--
-- AUTO_INCREMENT for table `jobs`
--
ALTER TABLE `jobs`
  MODIFY `id` bigint(20) UNSIGNED NOT NULL AUTO_INCREMENT;

--
-- AUTO_INCREMENT for table `migrations`
--
ALTER TABLE `migrations`
  MODIFY `id` int(10) UNSIGNED NOT NULL AUTO_INCREMENT, AUTO_INCREMENT=6;

--
-- AUTO_INCREMENT for table `permissions`
--
ALTER TABLE `permissions`
  MODIFY `id` bigint(20) UNSIGNED NOT NULL AUTO_INCREMENT, AUTO_INCREMENT=16;

--
-- AUTO_INCREMENT for table `personal_access_tokens`
--
ALTER TABLE `personal_access_tokens`
  MODIFY `id` bigint(20) UNSIGNED NOT NULL AUTO_INCREMENT, AUTO_INCREMENT=82;

--
-- AUTO_INCREMENT for table `roles`
--
ALTER TABLE `roles`
  MODIFY `id` bigint(20) UNSIGNED NOT NULL AUTO_INCREMENT, AUTO_INCREMENT=7;

--
-- AUTO_INCREMENT for table `students`
--
ALTER TABLE `students`
  MODIFY `id` int(11) NOT NULL AUTO_INCREMENT, AUTO_INCREMENT=11;

--
-- AUTO_INCREMENT for table `student_fees`
--
ALTER TABLE `student_fees`
  MODIFY `id` int(11) NOT NULL AUTO_INCREMENT;

--
-- AUTO_INCREMENT for table `users`
--
ALTER TABLE `users`
  MODIFY `id` bigint(20) UNSIGNED NOT NULL AUTO_INCREMENT, AUTO_INCREMENT=9;

--
-- Constraints for dumped tables
--

--
-- Constraints for table `fee_details`
--
ALTER TABLE `fee_details`
  ADD CONSTRAINT `fee_details_ibfk_1` FOREIGN KEY (`fee_structure_id`) REFERENCES `fee_structures` (`id`);

--
-- Constraints for table `fee_payments`
--
ALTER TABLE `fee_payments`
  ADD CONSTRAINT `fee_payments_ibfk_1` FOREIGN KEY (`student_id`) REFERENCES `students` (`id`) ON DELETE CASCADE;

--
-- Constraints for table `model_has_permissions`
--
ALTER TABLE `model_has_permissions`
  ADD CONSTRAINT `model_has_permissions_permission_id_foreign` FOREIGN KEY (`permission_id`) REFERENCES `permissions` (`id`) ON DELETE CASCADE;

--
-- Constraints for table `model_has_roles`
--
ALTER TABLE `model_has_roles`
  ADD CONSTRAINT `model_has_roles_role_id_foreign` FOREIGN KEY (`role_id`) REFERENCES `roles` (`id`) ON DELETE CASCADE;

--
-- Constraints for table `role_has_permissions`
--
ALTER TABLE `role_has_permissions`
  ADD CONSTRAINT `role_has_permissions_permission_id_foreign` FOREIGN KEY (`permission_id`) REFERENCES `permissions` (`id`) ON DELETE CASCADE,
  ADD CONSTRAINT `role_has_permissions_role_id_foreign` FOREIGN KEY (`role_id`) REFERENCES `roles` (`id`) ON DELETE CASCADE;

--
-- Constraints for table `student_fees`
--
ALTER TABLE `student_fees`
  ADD CONSTRAINT `student_fees_ibfk_1` FOREIGN KEY (`student_id`) REFERENCES `students` (`id`),
  ADD CONSTRAINT `student_fees_ibfk_2` FOREIGN KEY (`level_id`) REFERENCES `classes` (`id`);
COMMIT;

/*!40101 SET CHARACTER_SET_CLIENT=@OLD_CHARACTER_SET_CLIENT */;
/*!40101 SET CHARACTER_SET_RESULTS=@OLD_CHARACTER_SET_RESULTS */;
/*!40101 SET COLLATION_CONNECTION=@OLD_COLLATION_CONNECTION */;
